Region,Year,Bronze,Silver,Gold,No Win,Attempts,Wins
Afghanistan,1936,0,0,0,16,16,0
Afghanistan,1948,0,0,0,25,25,0
Afghanistan,1956,0,0,0,12,12,0
Afghanistan,1960,0,0,0,16,16,0
Afghanistan,1964,0,0,0,8,8,0
Afghanistan,1968,0,0,0,5,5,0
Afghanistan,1972,0,0,0,8,8,0
Afghanistan,1980,0,0,0,11,11,0
Afghanistan,1988,0,0,0,5,5,0
Afghanistan,1996,0,0,0,2,2,0
Afghanistan,2004,0,0,0,5,5,0
Afghanistan,2008,1,0,0,3,4,1
Afghanistan,2012,1,0,0,5,6,1
Afghanistan,2016,0,0,0,3,3,0
Albania,1972,0,0,0,5,5,0
Albania,1992,0,0,0,9,9,0
Albania,1996,0,0,0,9,9,0
Albania,2000,0,0,0,5,5,0
Albania,2004,0,0,0,7,7,0
Albania,2006,0,0,0,3,3,0
Albania,2008,0,0,0,12,12,0
Albania,2010,0,0,0,2,2,0
Albania,2012,0,0,0,10,10,0
Albania,2014,0,0,0,2,2,0
Albania,2016,0,0,0,6,6,0
Algeria,1964,0,0,0,7,7,0
Algeria,1968,0,0,0,9,9,0
Algeria,1972,0,0,0,7,7,0
Algeria,1980,0,0,0,63,63,0
Algeria,1984,2,0,0,31,33,2
Algeria,1988,0,0,0,45,45,0
Algeria,1992,1,0,1,42,44,2
Algeria,1996,1,0,2,44,47,3
Algeria,2000,3,1,1,46,51,5
Algeria,2004,0,0,0,71,71,0
Algeria,2006,0,0,0,3,3,0
Algeria,2008,1,1,0,55,57,2
Algeria,2010,0,0,0,1,1,0
Algeria,2012,0,0,1,38,39,1
Algeria,2016,0,2,0,72,74,2
American Samoa,1988,0,0,0,6,6,0
American Samoa,1992,0,0,0,3,3,0
American Samoa,1994,0,0,0,2,2,0
American Samoa,1996,0,0,0,7,7,0
American Samoa,2000,0,0,0,4,4,0
American Samoa,2004,0,0,0,3,3,0
American Samoa,2008,0,0,0,4,4,0
American Samoa,2012,0,0,0,4,4,0
American Samoa,2016,0,0,0,4,4,0
Andorra,1976,0,0,0,14,14,0
Andorra,1980,0,0,0,11,11,0
Andorra,1984,0,0,0,8,8,0
Andorra,1988,0,0,0,13,13,0
Andorra,1992,0,0,0,22,22,0
Andorra,1994,0,0,0,13,13,0
Andorra,1996,0,0,0,8,8,0
Andorra,1998,0,0,0,7,7,0
Andorra,2000,0,0,0,5,5,0
Andorra,2002,0,0,0,5,5,0
Andorra,2004,0,0,0,6,6,0
Andorra,2006,0,0,0,10,10,0
Andorra,2008,0,0,0,5,5,0
Andorra,2010,0,0,0,20,20,0
Andorra,2012,0,0,0,6,6,0
Andorra,2014,0,0,0,12,12,0
Andorra,2016,0,0,0,4,4,0
Angola,1980,0,0,0,17,17,0
Angola,1988,0,0,0,33,33,0
Angola,1992,0,0,0,33,33,0
Angola,1996,0,0,0,30,30,0
Angola,2000,0,0,0,30,30,0
Angola,2004,0,0,0,30,30,0
Angola,2008,0,0,0,33,33,0
Angola,2012,0,0,0,35,35,0
Angola,2016,0,0,0,26,26,0
Antigua,1976,0,0,0,17,17,0
Antigua,1984,0,0,0,27,27,0
Antigua,1988,0,0,0,25,25,0
Antigua,1992,0,0,0,18,18,0
Antigua,1996,0,0,0,19,19,0
Antigua,2000,0,0,0,4,4,0
Antigua,2004,0,0,0,5,5,0
Antigua,2008,0,0,0,5,5,0
Antigua,2012,0,0,0,4,4,0
Antigua,2016,0,0,0,9,9,0
Argentina,1900,0,0,0,1,1,0
Argentina,1908,0,0,0,1,1,0
Argentina,1920,0,0,0,1,1,0
Argentina,1924,2,3,5,99,109,10
Argentina,1928,5,18,3,82,108,26
Argentina,1932,0,1,3,43,47,4
Argentina,1936,4,2,5,57,68,11
Argentina,1948,1,7,3,304,315,11
Argentina,1952,2,2,2,189,195,6
Argentina,1956,1,1,0,42,44,2
Argentina,1960,1,3,0,126,130,4
Argentina,1964,0,1,0,169,170,1
Argentina,1968,2,0,0,142,144,2
Argentina,1972,0,1,0,128,129,1
Argentina,1976,0,0,0,122,122,0
Argentina,1980,0,0,0,26,26,0
Argentina,1984,0,0,0,152,152,0
Argentina,1988,12,1,0,166,179,13
Argentina,1992,2,0,0,155,157,2
Argentina,1994,0,0,0,20,20,0
Argentina,1996,1,19,0,201,221,20
Argentina,1998,0,0,0,6,6,0
Argentina,2000,3,17,0,145,165,20
Argentina,2002,0,0,0,26,26,0
Argentina,2004,21,0,28,130,179,49
Argentina,2006,0,0,0,17,17,0
Argentina,2008,31,0,20,94,145,51
Argentina,2010,0,0,0,20,20,0
Argentina,2012,3,15,1,129,148,19
Argentina,2014,0,0,0,20,20,0
Argentina,2016,0,1,21,210,232,22
Armenia,1994,0,0,0,2,2,0
Armenia,1996,0,1,1,36,38,2
Armenia,1998,0,0,0,7,7,0
Armenia,2000,1,0,0,25,26,1
Armenia,2002,0,0,0,17,17,0
Armenia,2004,0,0,0,19,19,0
Armenia,2006,0,0,0,9,9,0
Armenia,2008,6,0,0,20,26,6
Armenia,2010,0,0,0,6,6,0
Armenia,2012,2,1,0,28,31,3
Armenia,2014,0,0,0,6,6,0
Armenia,2016,0,3,1,30,34,4
Aruba,1988,0,0,0,12,12,0
Aruba,1992,0,0,0,5,5,0
Aruba,1996,0,0,0,3,3,0
Aruba,2000,0,0,0,5,5,0
Aruba,2004,0,0,0,4,4,0
Aruba,2008,0,0,0,2,2,0
Aruba,2012,0,0,0,4,4,0
Aruba,2016,0,0,0,7,7,0
Australia,1896,1,0,2,2,5,3
Australia,1900,3,0,3,0,6,6
Australia,1904,1,3,0,2,6,4
Australia,1906,3,0,0,7,10,3
Australia,1908,2,2,15,29,48,19
Australia,1912,3,2,5,28,38,10
Australia,1920,1,6,0,22,29,7
Australia,1924,2,5,4,50,61,11
Australia,1928,1,2,1,25,29,4
Australia,1932,1,1,3,15,20,5
Australia,1936,1,0,0,41,42,1
Australia,1948,5,9,2,87,103,16
Australia,1952,11,2,7,139,159,20
Australia,1956,26,13,28,362,429,67
Australia,1960,11,24,11,272,318,46
Australia,1964,30,6,8,362,406,44
Australia,1968,11,35,5,180,231,51
Australia,1972,2,7,11,258,278,20
Australia,1976,8,15,0,270,293,23
Australia,1980,5,2,6,196,209,13
Australia,1984,31,14,7,305,357,52
Australia,1988,11,6,18,340,375,35
Australia,1992,16,27,14,374,431,57
Australia,1994,4,0,0,43,47,4
Australia,1996,84,16,32,418,550,132
Australia,1998,1,0,0,33,34,1
Australia,2000,54,69,60,605,788,183
Australia,2002,0,0,2,39,41,2
Australia,2004,31,77,49,444,601,157
Australia,2006,1,0,1,43,45,2
Australia,2008,76,42,31,421,570,149
Australia,2010,0,1,2,46,49,3
Australia,2012,59,37,18,400,514,114
Australia,2014,1,2,0,81,84,3
Australia,2016,25,34,23,436,518,82
Austria,1896,2,1,2,3,8,5
Austria,1900,3,3,0,20,26,6
Austria,1904,1,1,2,3,7,4
Austria,1906,3,3,3,91,100,9
Austria,1908,1,0,0,12,13,1
Austria,1912,5,9,0,118,132,14
Austria,1924,1,4,3,52,60,8
Austria,1928,4,4,3,151,162,11
Austria,1932,3,2,2,38,45,7
Austria,1936,9,44,7,375,435,60
Austria,1948,8,5,3,307,323,16
Austria,1952,4,5,2,301,312,11
Austria,1956,8,3,5,128,144,16
Austria,1960,3,4,2,231,240,9
Austria,1964,3,9,5,181,198,17
Austria,1968,7,10,3,151,171,20
Austria,1972,4,3,1,203,211,8
Austria,1976,4,2,2,181,189,8
Austria,1980,4,5,4,145,158,13
Austria,1984,2,1,1,231,235,4
Austria,1988,4,5,4,236,249,13
Austria,1992,10,16,9,213,248,35
Austria,1994,7,3,2,118,130,12
Austria,1996,2,1,0,89,92,3
Austria,1998,12,5,3,134,154,20
Austria,2000,0,1,3,110,114,4
Austria,2002,13,4,3,128,148,20
Austria,2004,1,4,3,84,92,8
Austria,2006,7,7,16,102,132,30
Austria,2008,2,1,0,90,93,3
Austria,2010,6,9,11,106,132,26
Austria,2012,0,0,0,90,90,0
Austria,2014,11,12,4,186,213,27
Austria,2016,2,0,0,83,85,2
Azerbaijan,1996,0,1,0,23,24,1
Azerbaijan,1998,0,0,0,4,4,0
Azerbaijan,2000,1,0,2,29,32,3
Azerbaijan,2002,0,0,0,4,4,0
Azerbaijan,2004,4,0,1,32,37,5
Azerbaijan,2006,0,0,0,2,2,0
Azerbaijan,2008,4,2,1,37,44,7
Azerbaijan,2010,0,0,0,4,4,0
Azerbaijan,2012,6,2,2,49,59,10
Azerbaijan,2014,0,0,0,4,4,0
Azerbaijan,2016,10,7,1,51,69,18
Bahamas,1952,0,0,0,7,7,0
Bahamas,1956,2,0,0,3,5,2
Bahamas,1960,0,0,0,14,14,0
Bahamas,1964,0,0,2,10,12,2
Bahamas,1968,0,0,0,22,22,0
Bahamas,1972,0,0,0,25,25,0
Bahamas,1976,0,0,0,19,19,0
Bahamas,1984,0,0,0,31,31,0
Bahamas,1988,0,0,0,18,18,0
Bahamas,1992,1,0,0,17,18,1
Bahamas,1996,0,5,0,31,36,5
Bahamas,2000,5,0,6,28,39,11
Bahamas,2004,1,0,1,26,28,2
Bahamas,2008,1,6,0,26,33,7
Bahamas,2012,0,0,4,25,29,4
Bahamas,2016,5,0,1,32,38,6
Bahrain,1984,0,0,0,14,14,0
Bahrain,1988,0,0,0,16,16,0
Bahrain,1992,0,0,0,15,15,0
Bahrain,1996,0,0,0,5,5,0
Bahrain,2000,0,0,0,4,4,0
Bahrain,2004,0,0,0,10,10,0
Bahrain,2008,0,0,0,15,15,0
Bahrain,2012,1,0,0,13,14,1
Bahrain,2016,0,1,1,31,33,2
Bangladesh,1984,0,0,0,2,2,0
Bangladesh,1988,0,0,0,11,11,0
Bangladesh,1992,0,0,0,9,9,0
Bangladesh,1996,0,0,0,4,4,0
Bangladesh,2000,0,0,0,6,6,0
Bangladesh,2004,0,0,0,4,4,0
Bangladesh,2008,0,0,0,5,5,0
Bangladesh,2012,0,0,0,7,7,0
Bangladesh,2016,0,0,0,7,7,0
Barbados,1968,0,0,0,13,13,0
Barbados,1972,0,0,0,20,20,0
Barbados,1976,0,0,0,17,17,0
Barbados,1984,0,0,0,25,25,0
Barbados,1988,0,0,0,26,26,0
Barbados,1992,0,0,0,22,22,0
Barbados,1996,0,0,0,22,22,0
Barbados,2000,1,0,0,27,28,1
Barbados,2004,0,0,0,15,15,0
Barbados,2008,0,0,0,10,10,0
Barbados,2012,0,0,0,8,8,0
Barbados,2016,0,0,0,13,13,0
Belarus,1994,0,2,0,72,74,2
Belarus,1996,16,6,1,236,259,23
Belarus,1998,2,0,0,105,107,2
Belarus,2000,11,8,3,209,231,22
Belarus,2002,1,0,0,122,123,1
Belarus,2004,8,5,2,177,192,15
Belarus,2006,0,1,0,69,70,1
Belarus,2008,16,5,8,208,237,29
Belarus,2010,1,1,1,92,95,3
Belarus,2012,8,12,3,162,185,23
Belarus,2014,1,0,5,66,72,6
Belarus,2016,7,4,1,130,142,12
Belgium,1900,13,24,6,57,100,43
Belgium,1906,6,3,2,20,31,11
Belgium,1908,8,24,1,66,99,33
Belgium,1912,11,1,7,53,72,19
Belgium,1920,66,65,57,330,518,188
Belgium,1924,11,30,3,222,266,44
Belgium,1928,5,1,0,280,286,6
Belgium,1932,1,0,0,73,74,1
Belgium,1936,14,0,0,228,242,14
Belgium,1948,8,6,7,180,201,21
Belgium,1952,0,3,5,191,199,8
Belgium,1956,0,2,0,86,88,2
Belgium,1960,2,2,0,146,150,4
Belgium,1964,1,0,2,82,85,3
Belgium,1968,2,1,0,103,106,3
Belgium,1972,0,2,0,107,109,2
Belgium,1976,6,3,0,151,160,9
Belgium,1980,0,0,1,89,90,1
Belgium,1984,2,2,1,90,95,5
Belgium,1988,2,0,0,84,86,2
Belgium,1992,2,1,0,107,110,3
Belgium,1994,0,0,0,8,8,0
Belgium,1996,2,2,2,75,81,6
Belgium,1998,1,0,0,2,3,1
Belgium,2000,4,3,0,87,94,7
Belgium,2002,0,0,0,13,13,0
Belgium,2004,2,0,1,67,70,3
Belgium,2006,0,0,0,8,8,0
Belgium,2008,0,4,1,107,112,5
Belgium,2010,0,0,0,10,10,0
Belgium,2012,2,1,0,139,142,3
Belgium,2014,0,0,0,11,11,0
Belgium,2016,2,17,2,117,138,21
Belize,1968,0,0,0,7,7,0
Belize,1972,0,0,0,2,2,0
Belize,1976,0,0,0,4,4,0
Belize,1984,0,0,0,13,13,0
Belize,1988,0,0,0,13,13,0
Belize,1992,0,0,0,18,18,0
Belize,1996,0,0,0,5,5,0
Belize,2000,0,0,0,2,2,0
Belize,2004,0,0,0,2,2,0
Belize,2008,0,0,0,4,4,0
Belize,2012,0,0,0,3,3,0
Belize,2016,0,0,0,3,3,0
Benin,1972,0,0,0,3,3,0
Benin,1980,0,0,0,17,17,0
Benin,1984,0,0,0,3,3,0
Benin,1988,0,0,0,10,10,0
Benin,1992,0,0,0,7,7,0
Benin,1996,0,0,0,7,7,0
Benin,2000,0,0,0,4,4,0
Benin,2004,0,0,0,4,4,0
Benin,2008,0,0,0,5,5,0
Benin,2012,0,0,0,5,5,0
Benin,2016,0,0,0,6,6,0
Bermuda,1936,0,0,0,9,9,0
Bermuda,1948,0,0,0,28,28,0
Bermuda,1952,0,0,0,12,12,0
Bermuda,1956,0,0,0,3,3,0
Bermuda,1960,0,0,0,9,9,0
Bermuda,1964,0,0,0,4,4,0
Bermuda,1968,0,0,0,6,6,0
Bermuda,1972,0,0,0,9,9,0
Bermuda,1976,1,0,0,19,20,1
Bermuda,1984,0,0,0,13,13,0
Bermuda,1988,0,0,0,14,14,0
Bermuda,1992,0,0,0,30,30,0
Bermuda,1994,0,0,0,1,1,0
Bermuda,1996,0,0,0,10,10,0
Bermuda,1998,0,0,0,1,1,0
Bermuda,2000,0,0,0,7,7,0
Bermuda,2002,0,0,0,1,1,0
Bermuda,2004,0,0,0,10,10,0
Bermuda,2006,0,0,0,1,1,0
Bermuda,2008,0,0,0,6,6,0
Bermuda,2010,0,0,0,1,1,0
Bermuda,2012,0,0,0,8,8,0
Bermuda,2014,0,0,0,1,1,0
Bermuda,2016,0,0,0,8,8,0
Bhutan,1984,0,0,0,6,6,0
Bhutan,1988,0,0,0,6,6,0
Bhutan,1992,0,0,0,12,12,0
Bhutan,1996,0,0,0,2,2,0
Bhutan,2000,0,0,0,2,2,0
Bhutan,2004,0,0,0,2,2,0
Bhutan,2008,0,0,0,2,2,0
Bhutan,2012,0,0,0,2,2,0
Bhutan,2016,0,0,0,2,2,0
Boliva,1936,0,0,0,2,2,0
Boliva,1956,0,0,0,2,2,0
Boliva,1964,0,0,0,1,1,0
Boliva,1968,0,0,0,4,4,0
Boliva,1972,0,0,0,14,14,0
Boliva,1976,0,0,0,5,5,0
Boliva,1980,0,0,0,8,8,0
Boliva,1984,0,0,0,18,18,0
Boliva,1988,0,0,0,20,20,0
Boliva,1992,0,0,0,29,29,0
Boliva,1996,0,0,0,9,9,0
Boliva,2000,0,0,0,5,5,0
Boliva,2004,0,0,0,11,11,0
Boliva,2008,0,0,0,7,7,0
Boliva,2012,0,0,0,5,5,0
Boliva,2016,0,0,0,12,12,0
Bosnia and Herzegovina,1992,0,0,0,13,13,0
Bosnia and Herzegovina,1994,0,0,0,12,12,0
Bosnia and Herzegovina,1996,0,0,0,12,12,0
Bosnia and Herzegovina,1998,0,0,0,12,12,0
Bosnia and Herzegovina,2000,0,0,0,11,11,0
Bosnia and Herzegovina,2002,0,0,0,4,4,0
Bosnia and Herzegovina,2004,0,0,0,11,11,0
Bosnia and Herzegovina,2006,0,0,0,9,9,0
Bosnia and Herzegovina,2008,0,0,0,7,7,0
Bosnia and Herzegovina,2010,0,0,0,10,10,0
Bosnia and Herzegovina,2012,0,0,0,8,8,0
Bosnia and Herzegovina,2014,0,0,0,14,14,0
Bosnia and Herzegovina,2016,0,0,0,11,11,0
Botswana,1980,0,0,0,8,8,0
Botswana,1984,0,0,0,8,8,0
Botswana,1988,0,0,0,11,11,0
Botswana,1992,0,0,0,6,6,0
Botswana,1996,0,0,0,7,7,0
Botswana,2000,0,0,0,9,9,0
Botswana,2004,0,0,0,12,12,0
Botswana,2008,0,0,0,11,11,0
Botswana,2012,0,1,0,3,4,1
Botswana,2016,0,0,0,14,14,0
Brazil,1900,0,0,0,3,3,0
Brazil,1920,5,1,1,31,38,7
Brazil,1924,0,0,0,18,18,0
Brazil,1932,0,0,0,67,67,0
Brazil,1936,0,0,0,94,94,0
Brazil,1948,10,0,0,95,105,10
Brazil,1952,2,0,1,116,119,3
Brazil,1956,0,0,1,62,63,1
Brazil,1960,13,0,0,73,86,13
Brazil,1964,12,0,0,53,65,12
Brazil,1968,3,1,0,85,89,4
Brazil,1972,2,0,0,102,104,2
Brazil,1976,3,0,0,86,89,3
Brazil,1980,5,0,4,140,149,9
Brazil,1984,2,33,1,161,197,36
Brazil,1988,5,17,1,210,233,23
Brazil,1992,0,1,13,235,249,14
Brazil,1994,0,0,0,1,1,0
Brazil,1996,43,15,5,188,251,63
Brazil,1998,0,0,0,1,1,0
Brazil,2000,36,12,0,188,236,48
Brazil,2002,0,0,0,10,10,0
Brazil,2004,3,19,18,278,318,40
Brazil,2006,0,0,0,12,12,0
Brazil,2008,30,34,14,260,338,78
Brazil,2010,0,0,0,7,7,0
Brazil,2012,11,34,14,247,306,59
Brazil,2014,0,0,0,17,17,0
Brazil,2016,6,8,36,533,583,50
Brunei,1996,0,0,0,1,1,0
Brunei,2000,0,0,0,2,2,0
Brunei,2004,0,0,0,1,1,0
Brunei,2012,0,0,0,3,3,0
Brunei,2016,0,0,0,3,3,0
Bulgaria,1924,0,0,0,31,31,0
Bulgaria,1928,0,0,0,10,10,0
Bulgaria,1932,0,0,0,2,2,0
Bulgaria,1936,0,0,0,96,96,0
Bulgaria,1948,0,0,0,9,9,0
Bulgaria,1952,1,0,0,197,198,1
Bulgaria,1956,14,3,1,79,97,18
Bulgaria,1960,3,3,1,191,198,7
Bulgaria,1964,2,5,3,125,135,10
Bulgaria,1968,3,21,2,179,205,26
Bulgaria,1972,6,10,6,216,238,22
Bulgaria,1976,18,13,8,257,296,39
Bulgaria,1980,39,44,8,322,413,91
Bulgaria,1984,0,0,0,33,33,0
Bulgaria,1988,17,14,10,292,333,41
Bulgaria,1992,7,7,3,291,308,17
Bulgaria,1994,0,0,0,38,38,0
Bulgaria,1996,6,12,3,160,181,21
Bulgaria,1998,0,0,1,33,34,1
Bulgaria,2000,2,6,5,137,150,13
Bulgaria,2002,2,1,0,51,54,3
Bulgaria,2004,14,1,2,102,119,17
Bulgaria,2006,0,1,0,43,44,1
Bulgaria,2008,3,1,1,82,87,5
Bulgaria,2010,0,0,0,41,41,0
Bulgaria,2012,1,1,0,73,75,2
Bulgaria,2014,0,0,0,47,47,0
Bulgaria,2016,6,1,0,51,58,7
Burkina Faso,1972,0,0,0,1,1,0
Burkina Faso,1988,0,0,0,9,9,0
Burkina Faso,1992,0,0,0,4,4,0
Burkina Faso,1996,0,0,0,5,5,0
Burkina Faso,2000,0,0,0,4,4,0
Burkina Faso,2004,0,0,0,5,5,0
Burkina Faso,2008,0,0,0,6,6,0
Burkina Faso,2012,0,0,0,5,5,0
Burkina Faso,2016,0,0,0,5,5,0
Burundi,1996,0,0,1,6,7,1
Burundi,2000,0,0,0,6,6,0
Burundi,2004,0,0,0,7,7,0
Burundi,2008,0,0,0,3,3,0
Burundi,2012,0,0,0,6,6,0
Burundi,2016,0,1,0,9,10,1
Cambodia,1956,0,0,0,2,2,0
Cambodia,1964,0,0,0,15,15,0
Cambodia,1972,0,0,0,17,17,0
Cambodia,1996,0,0,0,5,5,0
Cambodia,2000,0,0,0,4,4,0
Cambodia,2004,0,0,0,4,4,0
Cambodia,2008,0,0,0,4,4,0
Cambodia,2012,0,0,0,6,6,0
Cambodia,2016,0,0,0,6,6,0
Cameroon,1964,0,0,0,2,2,0
Cameroon,1968,0,1,0,4,5,1
Cameroon,1972,0,0,0,18,18,0
Cameroon,1976,0,0,0,4,4,0
Cameroon,1980,0,0,0,29,29,0
Cameroon,1984,1,0,0,55,56,1
Cameroon,1988,0,0,0,21,21,0
Cameroon,1992,0,0,0,12,12,0
Cameroon,1996,0,0,0,19,19,0
Cameroon,2000,0,0,18,21,39,18
Cameroon,2002,0,0,0,2,2,0
Cameroon,2004,0,0,1,18,19,1
Cameroon,2008,0,0,1,31,32,1
Cameroon,2012,0,0,0,32,32,0
Cameroon,2016,0,0,0,22,22,0
Canada,1900,1,0,1,5,7,2
Canada,1904,12,9,27,14,62,48
Canada,1906,0,1,1,2,4,2
Canada,1908,30,8,14,96,148,52
Canada,1912,3,2,3,52,60,8
Canada,1920,3,3,10,69,85,16
Canada,1924,1,19,9,71,100,29
Canada,1928,21,5,19,99,144,45
Canada,1932,29,14,16,185,244,59
Canada,1936,9,25,1,173,208,35
Canada,1948,7,2,13,213,235,22
Canada,1952,1,3,17,193,214,21
Canada,1956,23,11,5,163,202,39
Canada,1960,1,26,3,185,215,30
Canada,1964,2,4,6,277,289,12
Canada,1968,22,4,4,372,402,30
Canada,1972,9,3,0,417,429,12
Canada,1976,15,10,1,614,640,26
Canada,1980,1,1,0,84,86,2
Canada,1984,33,37,21,572,663,91
Canada,1988,18,7,4,664,693,29
Canada,1992,15,33,32,551,631,80
Canada,1994,5,29,3,112,149,37
Canada,1996,12,30,8,358,408,50
Canada,1998,7,28,14,159,208,49
Canada,2000,23,4,4,391,422,31
Canada,2002,15,7,52,141,215,74
Canada,2004,4,10,3,374,391,17
Canada,2006,11,28,30,236,305,69
Canada,2008,11,13,11,414,449,35
Canada,2010,8,15,67,218,308,90
Canada,2012,33,21,1,299,354,55
Canada,2014,5,22,59,273,359,86
Canada,2016,61,4,4,336,405,69
Cape Verde,1996,0,0,0,3,3,0
Cape Verde,2000,0,0,0,2,2,0
Cape Verde,2004,0,0,0,3,3,0
Cape Verde,2008,0,0,0,2,2,0
Cape Verde,2012,0,0,0,3,3,0
Cape Verde,2016,0,0,0,5,5,0
Cayman Islands,1976,0,0,0,2,2,0
Cayman Islands,1984,0,0,0,14,14,0
Cayman Islands,1988,0,0,0,12,12,0
Cayman Islands,1992,0,0,0,13,13,0
Cayman Islands,1996,0,0,0,9,9,0
Cayman Islands,2000,0,0,0,4,4,0
Cayman Islands,2004,0,0,0,8,8,0
Cayman Islands,2008,0,0,0,6,6,0
Cayman Islands,2010,0,0,0,1,1,0
Cayman Islands,2012,0,0,0,7,7,0
Cayman Islands,2014,0,0,0,2,2,0
Cayman Islands,2016,0,0,0,5,5,0
Central African Republic,1968,0,0,0,1,1,0
Central African Republic,1984,0,0,0,3,3,0
Central African Republic,1988,0,0,0,15,15,0
Central African Republic,1992,0,0,0,21,21,0
Central African Republic,1996,0,0,0,5,5,0
Central African Republic,2000,0,0,0,3,3,0
Central African Republic,2004,0,0,0,4,4,0
Central African Republic,2008,0,0,0,3,3,0
Central African Republic,2012,0,0,0,6,6,0
Central African Republic,2016,0,0,0,6,6,0
Chad,1964,0,0,0,2,2,0
Chad,1968,0,0,0,4,4,0
Chad,1972,0,0,0,5,5,0
Chad,1984,0,0,0,3,3,0
Chad,1988,0,0,0,6,6,0
Chad,1992,0,0,0,7,7,0
Chad,1996,0,0,0,4,4,0
Chad,2000,0,0,0,3,3,0
Chad,2004,0,0,0,1,1,0
Chad,2008,0,0,0,2,2,0
Chad,2012,0,0,0,2,2,0
Chad,2016,0,0,0,2,2,0
Chile,1912,0,0,0,28,28,0
Chile,1920,0,0,0,2,2,0
Chile,1924,0,0,0,18,18,0
Chile,1928,0,1,0,45,46,1
Chile,1936,0,0,0,56,56,0
Chile,1948,0,0,0,83,83,0
Chile,1952,0,4,0,85,89,4
Chile,1956,2,2,0,46,50,4
Chile,1960,0,0,0,21,21,0
Chile,1964,0,0,0,27,27,0
Chile,1968,0,0,0,36,36,0
Chile,1972,0,0,0,13,13,0
Chile,1976,0,0,0,20,20,0
Chile,1984,0,0,0,76,76,0
Chile,1988,0,1,0,38,39,1
Chile,1992,0,0,0,27,27,0
Chile,1994,0,0,0,7,7,0
Chile,1996,0,0,0,24,24,0
Chile,1998,0,0,0,6,6,0
Chile,2000,17,0,0,41,58,17
Chile,2002,0,0,0,11,11,0
Chile,2004,1,0,3,25,29,4
Chile,2006,0,0,0,15,15,0
Chile,2008,0,1,0,28,29,1
Chile,2010,0,0,0,10,10,0
Chile,2012,0,0,0,44,44,0
Chile,2014,0,0,0,14,14,0
Chile,2016,0,0,0,47,47,0
China,1932,0,0,0,2,2,0
China,1936,0,0,0,65,65,0
China,1948,0,0,0,33,33,0
China,1952,0,0,0,10,10,0
China,1956,0,0,0,4,4,0
China,1960,0,0,0,4,4,0
China,1964,0,0,0,50,50,0
China,1968,0,0,0,25,25,0
China,1972,0,0,0,18,18,0
China,1976,0,0,0,50,50,0
China,1980,0,0,0,38,38,0
China,1984,37,13,24,406,480,74
China,1988,30,16,6,481,533,52
China,1992,19,48,18,449,534,85
China,1994,2,1,0,40,43,3
China,1996,17,70,20,363,470,107
China,1998,5,9,0,74,88,14
China,2000,17,23,39,381,460,79
China,2002,9,5,2,97,113,16
China,2004,15,29,52,464,560,96
China,2006,6,5,2,136,149,13
China,2008,57,53,74,593,777,184
China,2010,7,3,9,111,130,19
China,2012,30,40,56,408,534,126
China,2014,5,4,3,98,110,12
China,2016,37,30,46,433,546,113
Colombia,1900,0,1,0,0,1,1
Colombia,1932,0,0,0,2,2,0
Colombia,1936,0,0,0,6,6,0
Colombia,1948,0,0,0,11,11,0
Colombia,1956,0,0,0,47,47,0
Colombia,1960,0,0,0,23,23,0
Colombia,1964,0,0,0,40,40,0
Colombia,1968,0,0,0,70,70,0
Colombia,1972,2,1,0,72,75,3
Colombia,1976,0,0,0,44,44,0
Colombia,1980,0,0,0,28,28,0
Colombia,1984,0,1,0,47,48,1
Colombia,1988,1,0,0,56,57,1
Colombia,1992,1,0,0,60,61,1
Colombia,1996,0,0,0,62,62,0
Colombia,2000,0,0,1,53,54,1
Colombia,2004,2,0,0,69,71,2
Colombia,2008,1,1,0,88,90,2
Colombia,2010,0,0,0,2,2,0
Colombia,2012,4,3,1,112,120,8
Colombia,2016,3,2,3,149,157,8
Comoros,1996,0,0,0,4,4,0
Comoros,2000,0,0,0,2,2,0
Comoros,2004,0,0,0,3,3,0
Comoros,2008,0,0,0,3,3,0
Comoros,2012,0,0,0,3,3,0
Comoros,2016,0,0,0,4,4,0
Cook Islands,1988,0,0,0,8,8,0
Cook Islands,1992,0,0,0,2,2,0
Cook Islands,1996,0,0,0,3,3,0
Cook Islands,2000,0,0,0,2,2,0
Cook Islands,2004,0,0,0,3,3,0
Cook Islands,2008,0,0,0,4,4,0
Cook Islands,2012,0,0,0,9,9,0
Cook Islands,2016,0,0,0,9,9,0
Costa Rica,1936,0,0,0,1,1,0
Costa Rica,1964,0,0,0,2,2,0
Costa Rica,1968,0,0,0,27,27,0
Costa Rica,1972,0,0,0,4,4,0
Costa Rica,1976,0,0,0,10,10,0
Costa Rica,1980,0,0,0,40,40,0
Costa Rica,1984,0,0,0,39,39,0
Costa Rica,1988,0,1,0,37,38,1
Costa Rica,1992,0,0,0,26,26,0
Costa Rica,1996,0,0,1,12,13,1
Costa Rica,2000,2,0,0,7,9,2
Costa Rica,2002,0,0,0,2,2,0
Costa Rica,2004,0,0,0,21,21,0
Costa Rica,2006,0,0,0,1,1,0
Costa Rica,2008,0,0,0,8,8,0
Costa Rica,2012,0,0,0,11,11,0
Costa Rica,2016,0,0,0,12,12,0
Croatia,1992,3,12,0,39,54,15
Croatia,1994,0,0,0,11,11,0
Croatia,1996,0,12,16,89,117,28
Croatia,1998,0,0,0,13,13,0
Croatia,2000,9,0,1,98,108,10
Croatia,2002,0,1,3,25,29,4
Croatia,2004,3,3,15,79,100,21
Croatia,2006,0,2,1,43,46,3
Croatia,2008,3,2,0,120,125,5
Croatia,2010,1,2,0,34,37,3
Croatia,2012,16,4,15,83,118,35
Croatia,2014,0,1,0,24,25,1
Croatia,2016,2,15,7,69,93,24
Cuba,1900,0,1,1,0,2,2
Cuba,1904,0,0,5,1,6,5
Cuba,1924,0,0,0,13,13,0
Cuba,1928,0,0,0,1,1,0
Cuba,1932,0,0,0,3,3,0
Cuba,1948,0,2,0,110,112,2
Cuba,1952,0,0,0,57,57,0
Cuba,1956,0,0,0,24,24,0
Cuba,1960,0,0,0,21,21,0
Cuba,1964,0,1,0,75,76,1
Cuba,1968,0,10,0,217,227,10
Cuba,1972,18,1,3,179,201,22
Cuba,1976,14,4,6,170,194,24
Cuba,1980,5,7,8,268,288,20
Cuba,1992,14,13,42,127,196,69
Cuba,1996,10,8,37,123,178,55
Cuba,2000,12,35,18,206,271,65
Cuba,2004,22,8,32,115,177,62
Cuba,2008,11,34,2,124,171,47
Cuba,2012,6,3,5,104,118,14
Cuba,2016,4,2,5,132,143,11
Curacao,1952,0,0,0,11,11,0
Curacao,1960,0,0,0,5,5,0
Curacao,1964,0,0,0,4,4,0
Curacao,1968,0,0,0,5,5,0
Curacao,1972,0,0,0,2,2,0
Curacao,1976,0,0,0,4,4,0
Curacao,1984,0,0,0,13,13,0
Curacao,1988,0,1,0,6,7,1
Curacao,1992,0,0,0,6,6,0
Curacao,1996,0,0,0,7,7,0
Curacao,2000,0,0,0,8,8,0
Curacao,2004,0,0,0,3,3,0
Curacao,2008,0,0,0,4,4,0
Cyprus,1980,0,0,0,21,21,0
Cyprus,1984,0,0,0,22,22,0
Cyprus,1988,0,0,0,19,19,0
Cyprus,1992,0,0,0,30,30,0
Cyprus,1994,0,0,0,1,1,0
Cyprus,1996,0,0,0,24,24,0
Cyprus,1998,0,0,0,1,1,0
Cyprus,2000,0,0,0,24,24,0
Cyprus,2002,0,0,0,2,2,0
Cyprus,2004,0,0,0,21,21,0
Cyprus,2006,0,0,0,2,2,0
Cyprus,2008,0,0,0,18,18,0
Cyprus,2010,0,0,0,4,4,0
Cyprus,2012,0,1,0,12,13,1
Cyprus,2014,0,0,0,2,2,0
Cyprus,2016,0,0,0,21,21,0
Czech Republic,1900,2,1,0,6,9,3
Czech Republic,1906,3,0,0,26,29,3
Czech Republic,1908,6,0,0,35,41,6
Czech Republic,1912,0,0,0,74,74,0
Czech Republic,1920,10,0,0,172,182,10
Czech Republic,1924,5,4,1,263,273,10
Czech Republic,1928,3,12,2,158,175,17
Czech Republic,1932,2,3,1,55,61,6
Czech Republic,1936,1,12,5,336,354,18
Czech Republic,1948,3,20,14,190,227,37
Czech Republic,1952,10,4,11,220,245,25
Czech Republic,1956,1,5,1,218,225,7
Czech Republic,1960,11,8,4,201,224,23
Czech Republic,1964,29,37,5,185,256,71
Czech Republic,1968,16,26,8,224,274,50
Czech Republic,1972,25,21,3,286,335,49
Czech Republic,1976,9,23,2,307,341,34
Czech Republic,1980,17,18,17,339,391,52
Czech Republic,1984,4,24,0,51,79,28
Czech Republic,1988,8,5,3,329,345,16
Czech Republic,1992,28,3,4,382,417,35
Czech Republic,1994,0,0,0,117,117,0
Czech Republic,1996,4,5,4,156,169,13
Czech Republic,1998,1,1,21,96,119,23
Czech Republic,2000,4,3,2,153,162,9
Czech Republic,2002,0,2,1,160,163,3
Czech Republic,2004,6,6,1,158,171,13
Czech Republic,2006,24,2,1,143,170,27
Czech Republic,2008,0,4,3,151,158,7
Czech Republic,2010,7,0,2,163,172,9
Czech Republic,2012,6,4,4,145,159,14
Czech Republic,2014,2,7,2,168,179,11
Czech Republic,2016,12,2,1,120,135,15
Democratic Republic of the Congo,1968,0,0,0,8,8,0
Democratic Republic of the Congo,1984,0,0,0,9,9,0
Democratic Republic of the Congo,1988,0,0,0,21,21,0
Democratic Republic of the Congo,1992,0,0,0,19,19,0
Democratic Republic of the Congo,1996,0,0,0,14,14,0
Democratic Republic of the Congo,2000,0,0,0,3,3,0
Democratic Republic of the Congo,2004,0,0,0,6,6,0
Democratic Republic of the Congo,2008,0,0,0,5,5,0
Democratic Republic of the Congo,2012,0,0,0,4,4,0
Democratic Republic of the Congo,2016,0,0,0,4,4,0
Denmark,1896,3,2,1,9,15,6
Denmark,1900,2,3,4,27,36,9
Denmark,1906,1,19,14,34,68,34
Denmark,1908,3,14,0,90,107,17
Denmark,1912,33,49,5,146,233,87
Denmark,1920,1,44,26,175,246,71
Denmark,1924,3,9,2,144,158,14
Denmark,1928,4,5,6,107,122,15
Denmark,1932,4,7,0,83,94,11
Denmark,1936,3,3,0,167,173,6
Denmark,1948,27,17,7,204,255,51
Denmark,1952,5,1,3,193,202,9
Denmark,1956,1,4,1,45,51,6
Denmark,1960,4,17,2,89,112,23
Denmark,1964,4,1,7,64,76,12
Denmark,1968,6,6,5,82,99,17
Denmark,1972,0,0,1,154,155,1
Denmark,1976,5,0,3,73,81,8
Denmark,1980,2,2,4,52,60,8
Denmark,1984,10,3,0,61,74,13
Denmark,1988,3,1,3,124,131,7
Denmark,1992,9,2,3,143,157,14
Denmark,1994,0,0,0,9,9,0
Denmark,1996,1,1,21,122,145,23
Denmark,1998,0,5,0,14,19,5
Denmark,2000,4,3,18,99,124,25
Denmark,2002,0,0,0,11,11,0
Denmark,2004,9,1,19,86,115,29
Denmark,2006,0,0,0,4,4,0
Denmark,2008,6,7,6,89,108,19
Denmark,2010,0,0,0,23,23,0
Denmark,2012,8,5,3,133,149,16
Denmark,2014,0,0,0,15,15,0
Denmark,2016,16,10,15,102,143,41
Djibouti,1984,0,0,0,3,3,0
Djibouti,1988,1,0,0,5,6,1
Djibouti,1992,0,0,0,8,8,0
Djibouti,1996,0,0,0,5,5,0
Djibouti,2000,0,0,0,2,2,0
Djibouti,2008,0,0,0,2,2,0
Djibouti,2012,0,0,0,4,4,0
Djibouti,2016,0,0,0,8,8,0
Dominica,1996,0,0,0,6,6,0
Dominica,2000,0,0,0,4,4,0
Dominica,2004,0,0,0,2,2,0
Dominica,2008,0,0,0,2,2,0
Dominica,2012,0,0,0,2,2,0
Dominica,2014,0,0,0,1,1,0
Dominica,2016,0,0,0,2,2,0
Dominican Republic,1964,0,0,0,1,1,0
Dominican Republic,1968,0,0,0,24,24,0
Dominican Republic,1972,0,0,0,5,5,0
Dominican Republic,1976,0,0,0,11,11,0
Dominican Republic,1980,0,0,0,7,7,0
Dominican Republic,1984,1,0,0,23,24,1
Dominican Republic,1988,0,0,0,18,18,0
Dominican Republic,1992,0,0,0,32,32,0
Dominican Republic,1996,0,0,0,16,16,0
Dominican Republic,2000,0,0,0,13,13,0
Dominican Republic,2004,0,0,1,32,33,1
Dominican Republic,2008,0,1,1,25,27,2
Dominican Republic,2012,0,1,1,34,36,2
Dominican Republic,2016,1,0,0,29,30,1
Ecuador,1924,0,0,0,4,4,0
Ecuador,1968,0,0,0,41,41,0
Ecuador,1972,0,0,0,4,4,0
Ecuador,1976,0,0,0,8,8,0
Ecuador,1980,0,0,0,16,16,0
Ecuador,1984,0,0,0,15,15,0
Ecuador,1988,0,0,0,15,15,0
Ecuador,1992,0,0,0,15,15,0
Ecuador,1996,0,0,1,27,28,1
Ecuador,2000,0,0,0,11,11,0
Ecuador,2004,0,0,0,18,18,0
Ecuador,2008,0,1,0,25,26,1
Ecuador,2012,0,0,0,36,36,0
Ecuador,2016,0,0,0,40,40,0
Egypt,1906,0,0,0,5,5,0
Egypt,1920,0,0,0,22,22,0
Egypt,1924,0,0,0,30,30,0
Egypt,1928,1,1,2,39,43,4
Egypt,1936,2,1,2,61,66,5
Egypt,1948,1,2,2,161,166,5
Egypt,1952,1,0,0,195,196,1
Egypt,1956,0,0,0,6,6,0
Egypt,1964,0,0,0,83,83,0
Egypt,1968,0,0,0,35,35,0
Egypt,1972,0,0,0,26,26,0
Egypt,1976,0,0,0,26,26,0
Egypt,1984,0,1,0,150,151,1
Egypt,1988,0,0,0,59,59,0
Egypt,1992,0,0,0,83,83,0
Egypt,1996,0,0,0,33,33,0
Egypt,2000,0,0,0,103,103,0
Egypt,2004,3,1,1,99,104,5
Egypt,2008,1,0,0,115,116,1
Egypt,2012,0,2,0,130,132,2
Egypt,2016,3,0,0,134,137,3
El Salvador,1932,0,0,0,4,4,0
El Salvador,1968,0,0,0,104,104,0
El Salvador,1972,0,0,0,18,18,0
El Salvador,1984,0,0,0,15,15,0
El Salvador,1988,0,0,0,7,7,0
El Salvador,1992,0,0,0,6,6,0
El Salvador,1996,0,0,0,10,10,0
El Salvador,2000,0,0,0,10,10,0
El Salvador,2004,0,0,0,9,9,0
El Salvador,2008,0,0,0,14,14,0
El Salvador,2012,0,0,0,11,11,0
El Salvador,2016,0,0,0,10,10,0
Equatorial Guinea,1984,0,0,0,5,5,0
Equatorial Guinea,1988,0,0,0,7,7,0
Equatorial Guinea,1992,0,0,0,8,8,0
Equatorial Guinea,1996,0,0,0,8,8,0
Equatorial Guinea,2000,0,0,0,4,4,0
Equatorial Guinea,2004,0,0,0,2,2,0
Equatorial Guinea,2008,0,0,0,3,3,0
Equatorial Guinea,2012,0,0,0,2,2,0
Equatorial Guinea,2016,0,0,0,1,1,0
Eritrea,2000,0,0,0,3,3,0
Eritrea,2004,1,0,0,4,5,1
Eritrea,2008,0,0,0,11,11,0
Eritrea,2012,0,0,0,12,12,0
Eritrea,2016,0,0,0,12,12,0
Estonia,1920,0,2,1,17,20,3
Estonia,1924,4,1,1,41,47,6
Estonia,1928,6,1,2,20,29,9
Estonia,1932,0,0,0,3,3,0
Estonia,1936,3,2,2,38,45,7
Estonia,1992,2,0,1,94,97,3
Estonia,1994,0,0,0,67,67,0
Estonia,1996,0,0,0,52,52,0
Estonia,1998,0,0,0,48,48,0
Estonia,2000,2,0,1,38,41,3
Estonia,2002,1,1,1,48,51,3
Estonia,2004,2,1,0,42,45,3
Estonia,2006,0,0,3,60,63,3
Estonia,2008,0,2,1,50,53,3
Estonia,2010,0,1,0,63,64,1
Estonia,2012,1,1,0,34,36,2
Estonia,2014,0,0,0,66,66,0
Estonia,2016,4,0,0,45,49,4
Ethiopia,1956,0,0,0,30,30,0
Ethiopia,1960,0,0,1,14,15,1
Ethiopia,1964,0,0,1,18,19,1
Ethiopia,1968,0,1,1,24,26,2
Ethiopia,1972,2,0,0,38,40,2
Ethiopia,1980,2,0,2,44,48,4
Ethiopia,1992,2,0,1,21,24,3
Ethiopia,1996,1,0,2,16,19,3
Ethiopia,2000,3,1,4,19,27,8
Ethiopia,2004,2,3,2,20,27,7
Ethiopia,2006,0,0,0,1,1,0
Ethiopia,2008,2,1,4,22,29,7
Ethiopia,2010,0,0,0,1,1,0
Ethiopia,2012,3,1,3,27,34,7
Ethiopia,2016,5,2,1,30,38,8
Fiji,1956,0,0,0,5,5,0
Fiji,1960,0,0,0,3,3,0
Fiji,1968,0,0,0,1,1,0
Fiji,1972,0,0,0,4,4,0
Fiji,1976,0,0,0,5,5,0
Fiji,1984,0,0,0,26,26,0
Fiji,1988,0,0,0,42,42,0
Fiji,1992,0,0,0,36,36,0
Fiji,1994,0,0,0,1,1,0
Fiji,1996,0,0,0,21,21,0
Fiji,2000,0,0,0,9,9,0
Fiji,2002,0,0,0,2,2,0
Fiji,2004,0,0,0,9,9,0
Fiji,2008,0,0,0,6,6,0
Fiji,2012,0,0,0,9,9,0
Fiji,2016,0,0,13,40,53,13
Finland,1906,1,1,2,14,18,4
Finland,1908,28,1,1,64,94,30
Finland,1912,22,40,9,162,233,71
Finland,1920,17,14,21,84,136,52
Finland,1924,18,21,28,219,286,67
Finland,1928,10,9,10,130,159,29
Finland,1932,17,9,6,46,78,32
Finland,1936,16,8,12,186,222,36
Finland,1948,10,14,18,218,260,42
Finland,1952,31,7,14,433,485,52
Finland,1956,23,7,8,161,199,38
Finland,1960,9,4,6,274,293,19
Finland,1964,7,7,6,218,238,20
Finland,1968,6,4,2,209,221,12
Finland,1972,7,10,3,196,216,20
Finland,1976,1,12,9,165,187,22
Finland,1980,11,6,4,189,210,21
Finland,1984,18,5,8,156,187,31
Finland,1988,7,23,8,155,193,38
Finland,1992,8,5,7,224,244,20
Finland,1994,29,1,0,82,112,30
Finland,1996,1,2,1,101,105,4
Finland,1998,49,7,2,74,132,58
Finland,2000,1,1,3,83,88,5
Finland,2002,1,5,7,152,165,13
Finland,2004,0,2,0,65,67,2
Finland,2006,7,34,0,99,140,41
Finland,2008,2,2,1,65,70,5
Finland,2010,46,1,0,99,146,47
Finland,2012,4,1,0,64,69,5
Finland,2014,24,7,2,114,147,33
Finland,2016,1,0,0,66,67,1
France,1896,2,4,5,15,26,11
France,1900,82,101,52,836,1071,235
France,1904,0,2,0,0,2,2
France,1906,28,16,20,110,174,64
France,1908,23,5,12,279,319,40
France,1912,5,11,10,206,232,26
France,1920,57,71,13,311,452,141
France,1924,32,51,37,584,704,120
France,1928,14,24,14,417,469,52
France,1932,6,8,28,125,167,42
France,1936,19,13,13,292,337,45
France,1948,26,23,28,416,493,77
France,1952,18,9,14,412,453,41
France,1956,13,13,7,246,279,33
France,1960,8,6,1,403,418,15
France,1964,17,17,4,226,264,38
France,1968,12,8,16,393,429,36
France,1972,17,6,2,400,425,25
France,1976,9,7,5,340,361,21
France,1980,7,5,18,214,244,30
France,1984,33,17,20,341,411,70
France,1988,14,4,13,497,528,31
France,1992,44,11,14,601,670,69
France,1994,10,1,0,158,169,11
France,1996,20,10,21,402,453,51
France,1998,12,1,2,144,159,15
France,2000,14,30,22,404,470,66
France,2002,5,5,5,161,176,15
France,2004,22,10,21,408,461,53
France,2006,10,2,3,144,159,15
France,2008,28,24,25,371,448,77
France,2010,6,6,2,182,196,14
France,2012,22,30,30,344,426,82
France,2014,10,4,4,183,201,18
France,2016,21,55,20,416,512,96
Gabon,1972,0,0,0,1,1,0
Gabon,1984,0,0,0,4,4,0
Gabon,1988,0,0,0,2,2,0
Gabon,1992,0,0,0,5,5,0
Gabon,1996,0,0,0,9,9,0
Gabon,2000,0,0,0,6,6,0
Gabon,2004,0,0,0,5,5,0
Gabon,2008,0,0,0,4,4,0
Gabon,2012,0,1,0,20,21,1
Gabon,2016,0,0,0,6,6,0
Gambia,1984,0,0,0,16,16,0
Gambia,1988,0,0,0,6,6,0
Gambia,1992,0,0,0,8,8,0
Gambia,1996,0,0,0,12,12,0
Gambia,2000,0,0,0,2,2,0
Gambia,2004,0,0,0,3,3,0
Gambia,2008,0,0,0,3,3,0
Gambia,2012,0,0,0,2,2,0
Gambia,2016,0,0,0,4,4,0
Georgia,1994,0,0,0,7,7,0
Georgia,1996,2,0,0,40,42,2
Georgia,1998,0,0,0,6,6,0
Georgia,2000,6,0,0,41,47,6
Georgia,2002,0,0,0,6,6,0
Georgia,2004,0,2,2,35,39,4
Georgia,2006,0,0,0,4,4,0
Georgia,2008,3,0,3,32,38,6
Georgia,2010,0,0,0,9,9,0
Georgia,2012,3,3,1,29,36,7
Georgia,2014,0,0,0,7,7,0
Georgia,2016,4,1,2,38,45,7
Germany,1896,2,5,25,62,94,32
Germany,1900,11,20,14,58,103,45
Germany,1904,7,5,4,39,55,16
Germany,1906,6,10,14,127,157,30
Germany,1908,6,11,4,127,148,21
Germany,1912,23,19,11,259,312,53
Germany,1928,46,15,21,368,450,82
Germany,1932,21,26,10,168,225,57
Germany,1936,61,73,97,417,648,231
Germany,1952,28,16,8,483,535,52
Germany,1956,24,20,10,297,351,54
Germany,1960,23,37,38,437,535,98
Germany,1964,53,48,25,496,622,126
Germany,1968,44,41,34,881,1000,119
Germany,1972,112,88,83,949,1232,283
Germany,1976,111,89,137,724,1061,337
Germany,1980,79,101,131,389,700,311
Germany,1984,64,89,46,597,796,199
Germany,1988,104,113,125,829,1171,342
Germany,1992,67,74,95,610,846,236
Germany,1994,12,10,18,144,184,40
Germany,1996,47,35,42,502,626,124
Germany,1998,10,12,22,173,217,44
Germany,2000,64,23,31,449,567,118
Germany,2002,12,23,26,198,259,61
Germany,2004,63,45,41,443,592,149
Germany,2006,6,25,23,209,263,54
Germany,2008,41,16,42,459,558,99
Germany,2010,15,24,15,205,259,54
Germany,2012,22,27,45,416,510,94
Germany,2014,9,12,15,235,271,36
Germany,2016,67,43,49,377,536,159
Ghana,1952,0,0,0,9,9,0
Ghana,1960,0,1,0,14,15,1
Ghana,1964,1,0,0,39,40,1
Ghana,1968,0,0,0,36,36,0
Ghana,1972,1,0,0,40,41,1
Ghana,1984,0,0,0,27,27,0
Ghana,1988,0,0,0,21,21,0
Ghana,1992,20,0,0,21,41,20
Ghana,1996,0,0,0,40,40,0
Ghana,2000,0,0,0,28,28,0
Ghana,2004,0,0,0,29,29,0
Ghana,2008,0,0,0,9,9,0
Ghana,2010,0,0,0,1,1,0
Ghana,2012,0,0,0,7,7,0
Ghana,2016,0,0,0,15,15,0
Greece,1896,20,18,10,100,148,48
Greece,1900,0,0,0,4,4,0
Greece,1904,1,0,1,15,17,2
Greece,1906,30,48,24,393,495,102
Greece,1908,1,3,0,45,49,4
Greece,1912,1,0,1,75,77,2
Greece,1920,0,5,0,93,98,5
Greece,1924,0,0,1,78,79,1
Greece,1928,0,0,0,47,47,0
Greece,1932,0,0,0,16,16,0
Greece,1936,0,0,0,66,66,0
Greece,1948,0,0,0,99,99,0
Greece,1952,0,0,0,60,60,0
Greece,1956,1,0,0,21,22,1
Greece,1960,0,0,3,56,59,3
Greece,1964,0,0,0,26,26,0
Greece,1968,1,0,0,51,52,1
Greece,1972,0,2,0,70,72,2
Greece,1976,0,0,0,50,50,0
Greece,1980,4,0,1,46,51,5
Greece,1984,1,1,0,84,86,2
Greece,1988,1,0,0,86,87,1
Greece,1992,0,0,2,100,102,2
Greece,1994,0,0,0,15,15,0
Greece,1996,0,4,4,172,180,8
Greece,1998,0,0,0,16,16,0
Greece,2000,8,6,4,157,175,18
Greece,2002,0,0,0,17,17,0
Greece,2004,5,18,8,468,499,31
Greece,2006,0,0,0,8,8,0
Greece,2008,4,3,0,169,176,7
Greece,2010,0,0,0,12,12,0
Greece,2012,3,0,0,112,115,3
Greece,2014,0,0,0,13,13,0
Greece,2016,3,1,3,97,104,7
Grenada,1984,0,0,0,6,6,0
Grenada,1988,0,0,0,7,7,0
Grenada,1992,0,0,0,5,5,0
Grenada,1996,0,0,0,5,5,0
Grenada,2000,0,0,0,3,3,0
Grenada,2004,0,0,0,5,5,0
Grenada,2008,0,0,0,9,9,0
Grenada,2012,0,0,1,7,8,1
Grenada,2016,0,1,0,5,6,1
Guam,1988,0,0,0,27,27,0
Guam,1992,0,0,0,45,45,0
Guam,1996,0,0,0,9,9,0
Guam,2000,0,0,0,7,7,0
Guam,2004,0,0,0,4,4,0
Guam,2008,0,0,0,7,7,0
Guam,2012,0,0,0,8,8,0
Guam,2016,0,0,0,5,5,0
Guatemala,1932,0,0,0,1,1,0
Guatemala,1952,0,0,0,35,35,0
Guatemala,1968,0,0,0,67,67,0
Guatemala,1972,0,0,0,11,11,0
Guatemala,1976,0,0,0,28,28,0
Guatemala,1980,0,0,0,10,10,0
Guatemala,1984,0,0,0,53,53,0
Guatemala,1988,0,0,0,52,52,0
Guatemala,1992,0,0,0,41,41,0
Guatemala,1996,0,0,0,28,28,0
Guatemala,2000,0,0,0,18,18,0
Guatemala,2004,0,0,0,19,19,0
Guatemala,2008,0,0,0,13,13,0
Guatemala,2012,0,1,0,23,24,1
Guatemala,2016,0,0,0,25,25,0
Guinea,1968,0,0,0,15,15,0
Guinea,1980,0,0,0,10,10,0
Guinea,1984,0,0,0,1,1,0
Guinea,1988,0,0,0,7,7,0
Guinea,1992,0,0,0,11,11,0
Guinea,1996,0,0,0,5,5,0
Guinea,2000,0,0,0,6,6,0
Guinea,2004,0,0,0,4,4,0
Guinea,2008,0,0,0,5,5,0
Guinea,2012,0,0,0,4,4,0
Guinea,2016,0,0,0,5,5,0
Guinea-Bissau,1996,0,0,0,3,3,0
Guinea-Bissau,2000,0,0,0,3,3,0
Guinea-Bissau,2004,0,0,0,3,3,0
Guinea-Bissau,2008,0,0,0,3,3,0
Guinea-Bissau,2012,0,0,0,4,4,0
Guinea-Bissau,2016,0,0,0,5,5,0
Guyana,1948,0,0,0,7,7,0
Guyana,1952,0,0,0,1,1,0
Guyana,1956,0,0,0,6,6,0
Guyana,1960,0,0,0,6,6,0
Guyana,1964,0,0,0,1,1,0
Guyana,1968,0,0,0,6,6,0
Guyana,1972,0,0,0,4,4,0
Guyana,1980,1,0,0,9,10,1
Guyana,1984,0,0,0,12,12,0
Guyana,1988,0,0,0,8,8,0
Guyana,1992,0,0,0,7,7,0
Guyana,1996,0,0,0,9,9,0
Guyana,2000,0,0,0,4,4,0
Guyana,2004,0,0,0,4,4,0
Guyana,2008,0,0,0,4,4,0
Guyana,2012,0,0,0,6,6,0
Guyana,2016,0,0,0,7,7,0
Haiti,1900,0,0,1,3,4,1
Haiti,1924,5,0,0,11,16,5
Haiti,1928,0,1,0,2,3,1
Haiti,1932,0,0,0,3,3,0
Haiti,1960,0,0,0,1,1,0
Haiti,1972,0,0,0,7,7,0
Haiti,1976,0,0,0,14,14,0
Haiti,1984,0,0,0,3,3,0
Haiti,1988,0,0,0,5,5,0
Haiti,1992,0,0,0,8,8,0
Haiti,1996,0,0,0,7,7,0
Haiti,2000,0,0,0,5,5,0
Haiti,2004,0,0,0,8,8,0
Haiti,2008,0,0,0,7,7,0
Haiti,2012,0,0,0,5,5,0
Haiti,2016,0,0,0,10,10,0
Honduras,1968,0,0,0,6,6,0
Honduras,1976,0,0,0,3,3,0
Honduras,1984,0,0,0,26,26,0
Honduras,1988,0,0,0,18,18,0
Honduras,1992,0,0,0,30,30,0
Honduras,1996,0,0,0,7,7,0
Honduras,2000,0,0,0,20,20,0
Honduras,2004,0,0,0,5,5,0
Honduras,2008,0,0,0,26,26,0
Honduras,2012,0,0,0,25,25,0
Honduras,2016,0,0,0,23,23,0
Hungary,1896,3,1,2,12,18,6
Hungary,1900,2,2,1,29,34,5
Hungary,1904,1,1,2,5,9,4
Hungary,1906,3,5,5,86,99,13
Hungary,1908,6,7,7,87,107,20
Hungary,1912,3,17,10,177,207,30
Hungary,1924,8,12,2,124,146,22
Hungary,1928,0,11,10,214,235,21
Hungary,1932,10,5,20,87,122,35
Hungary,1936,17,1,25,321,364,43
Hungary,1948,22,27,15,201,265,64
Hungary,1952,34,17,53,262,366,104
Hungary,1956,16,20,30,133,199,66
Hungary,1960,37,16,13,250,316,66
Hungary,1964,7,7,42,305,361,56
Hungary,1968,29,20,32,243,324,81
Hungary,1972,25,46,10,287,368,81
Hungary,1976,35,6,14,236,291,55
Hungary,1980,40,15,8,331,394,63
Hungary,1984,0,0,0,16,16,0
Hungary,1988,15,9,20,278,322,44
Hungary,1992,8,23,14,368,413,45
Hungary,1994,0,0,0,28,28,0
Hungary,1996,26,9,8,272,315,43
Hungary,1998,0,0,0,24,24,0
Hungary,2000,4,24,25,185,238,53
Hungary,2002,0,0,0,46,46,0
Hungary,2004,4,12,24,218,258,40
Hungary,2006,0,0,0,32,32,0
Hungary,2008,3,8,16,189,216,27
Hungary,2010,0,0,0,32,32,0
Hungary,2012,6,8,12,175,201,26
Hungary,2014,0,0,0,37,37,0
Hungary,2016,7,3,12,182,204,22
Iceland,1908,0,0,0,1,1,0
Iceland,1912,0,0,0,2,2,0
Iceland,1936,0,0,0,13,13,0
Iceland,1948,0,0,0,35,35,0
Iceland,1952,0,0,0,42,42,0
Iceland,1956,0,1,0,15,16,1
Iceland,1960,0,0,0,21,21,0
Iceland,1964,0,0,0,15,15,0
Iceland,1968,0,0,0,24,24,0
Iceland,1972,0,0,0,30,30,0
Iceland,1976,0,0,0,38,38,0
Iceland,1980,0,0,0,24,24,0
Iceland,1984,1,0,0,44,45,1
Iceland,1988,0,0,0,48,48,0
Iceland,1992,0,0,0,46,46,0
Iceland,1994,0,0,0,14,14,0
Iceland,1996,0,0,0,15,15,0
Iceland,1998,0,0,0,12,12,0
Iceland,2000,1,0,0,28,29,1
Iceland,2002,0,0,0,12,12,0
Iceland,2004,0,0,0,34,34,0
Iceland,2006,0,0,0,12,12,0
Iceland,2008,0,14,0,17,31,14
Iceland,2010,0,0,0,7,7,0
Iceland,2012,0,0,0,36,36,0
Iceland,2014,0,0,0,11,11,0
Iceland,2016,0,0,0,14,14,0
India,1900,0,2,0,3,5,2
India,1920,0,0,0,7,7,0
India,1924,0,0,7,24,31,7
India,1928,0,0,14,10,24,14
India,1932,0,0,15,11,26,15
India,1936,0,0,19,11,30,19
India,1948,0,0,20,69,89,20
India,1952,1,0,14,79,94,15
India,1956,0,0,17,62,79,17
India,1960,0,13,0,36,49,13
India,1964,0,0,15,97,112,15
India,1968,16,0,0,14,30,16
India,1972,14,0,0,29,43,14
India,1976,0,0,0,26,26,0
India,1980,0,0,16,62,78,16
India,1984,0,0,0,53,53,0
India,1988,0,0,0,58,58,0
India,1992,0,0,0,65,65,0
India,1996,1,0,0,53,54,1
India,1998,0,0,0,1,1,0
India,2000,1,0,0,69,70,1
India,2002,0,0,0,1,1,0
India,2004,0,1,0,80,81,1
India,2006,0,0,0,5,5,0
India,2008,2,0,1,64,67,3
India,2010,0,0,0,3,3,0
India,2012,4,2,0,89,95,6
India,2014,0,0,0,2,2,0
India,2016,1,1,0,128,130,2
Individual Olympic Athletes,1992,2,1,0,73,76,3
Individual Olympic Athletes,2000,0,0,0,4,4,0
Individual Olympic Athletes,2012,0,0,0,4,4,0
Individual Olympic Athletes,2014,0,0,0,1,1,0
Individual Olympic Athletes,2016,1,0,1,7,9,2
Indonesia,1952,0,0,0,3,3,0
Indonesia,1956,0,0,0,24,24,0
Indonesia,1960,0,0,0,27,27,0
Indonesia,1968,0,0,0,6,6,0
Indonesia,1972,0,0,0,7,7,0
Indonesia,1976,0,0,0,11,11,0
Indonesia,1984,0,0,0,23,23,0
Indonesia,1988,0,3,0,40,43,3
Indonesia,1992,1,3,2,45,51,6
Indonesia,1996,3,1,2,39,45,6
Indonesia,2000,2,4,2,46,54,8
Indonesia,2004,3,1,1,34,39,5
Indonesia,2008,3,2,2,19,26,7
Indonesia,2012,1,1,0,20,22,2
Indonesia,2016,0,2,2,27,31,4
Iran,1900,0,0,0,1,1,0
Iran,1948,1,0,0,38,39,1
Iran,1952,4,3,0,16,23,7
Iran,1956,1,2,2,21,26,5
Iran,1960,3,1,0,20,24,4
Iran,1964,2,0,0,106,108,2
Iran,1968,2,1,2,21,26,5
Iran,1972,1,2,0,65,68,3
Iran,1976,1,1,0,114,116,2
Iran,1988,0,1,0,25,26,1
Iran,1992,2,1,0,41,44,3
Iran,1996,1,1,1,15,18,3
Iran,1998,0,0,0,1,1,0
Iran,2000,1,0,3,30,34,4
Iran,2002,0,0,0,2,2,0
Iran,2004,2,2,2,31,37,6
Iran,2006,0,0,0,3,3,0
Iran,2008,1,0,1,53,55,2
Iran,2010,0,0,0,7,7,0
Iran,2012,3,5,4,45,57,12
Iran,2014,0,0,0,7,7,0
Iran,2016,4,1,3,59,67,8
Iraq,1948,0,0,0,13,13,0
Iraq,1960,1,0,0,27,28,1
Iraq,1964,0,0,0,19,19,0
Iraq,1968,0,0,0,4,4,0
Iraq,1980,0,0,0,44,44,0
Iraq,1984,0,0,0,25,25,0
Iraq,1988,0,0,0,28,28,0
Iraq,1992,0,0,0,8,8,0
Iraq,1996,0,0,0,3,3,0
Iraq,2000,0,0,0,4,4,0
Iraq,2004,0,0,0,24,24,0
Iraq,2008,0,0,0,4,4,0
Iraq,2012,0,0,0,8,8,0
Iraq,2016,0,0,0,20,20,0
Ireland,1924,1,1,0,58,60,2
Ireland,1928,0,0,1,43,44,1
Ireland,1932,0,0,2,16,18,2
Ireland,1948,1,0,0,82,83,1
Ireland,1952,0,1,0,24,25,1
Ireland,1956,3,1,1,20,25,5
Ireland,1960,0,0,0,63,63,0
Ireland,1964,1,0,0,34,35,1
Ireland,1968,0,0,0,57,57,0
Ireland,1972,0,0,0,84,84,0
Ireland,1976,0,0,0,59,59,0
Ireland,1980,1,2,0,54,57,3
Ireland,1984,0,1,0,54,55,1
Ireland,1988,0,0,0,78,78,0
Ireland,1992,0,1,1,79,81,2
Ireland,1996,1,0,3,95,99,4
Ireland,1998,0,0,0,10,10,0
Ireland,2000,0,1,0,75,76,1
Ireland,2002,0,0,0,9,9,0
Ireland,2004,0,0,0,55,55,0
Ireland,2006,0,0,0,5,5,0
Ireland,2008,2,1,0,60,63,3
Ireland,2010,0,0,0,7,7,0
Ireland,2012,3,1,1,71,76,5
Ireland,2014,0,0,0,8,8,0
Ireland,2016,0,3,0,90,93,3
Israel,1952,0,0,0,31,31,0
Israel,1956,0,0,0,3,3,0
Israel,1960,0,0,0,46,46,0
Israel,1964,0,0,0,13,13,0
Israel,1968,0,0,0,39,39,0
Israel,1972,0,0,0,17,17,0
Israel,1976,0,0,0,34,34,0
Israel,1984,0,0,0,65,65,0
Israel,1988,0,0,0,29,29,0
Israel,1992,1,1,0,42,44,2
Israel,1994,0,0,0,1,1,0
Israel,1996,1,0,0,37,38,1
Israel,1998,0,0,0,3,3,0
Israel,2000,1,0,0,57,58,1
Israel,2002,0,0,0,7,7,0
Israel,2004,1,0,1,44,46,2
Israel,2006,0,0,0,6,6,0
Israel,2008,1,0,0,59,60,1
Israel,2010,0,0,0,4,4,0
Israel,2012,0,0,0,56,56,0
Israel,2014,0,0,0,6,6,0
Israel,2016,2,0,0,57,59,2
Italy,1896,0,0,0,1,1,0
Italy,1900,0,2,3,31,36,5
Italy,1904,0,0,0,1,1,0
Italy,1906,27,8,21,47,103,56
Italy,1908,0,6,2,89,97,8
Italy,1912,2,1,22,71,96,25
Italy,1920,8,9,67,207,291,84
Italy,1924,21,5,25,306,357,51
Italy,1928,26,22,24,217,289,72
Italy,1932,18,38,21,97,174,77
Italy,1936,5,34,37,321,397,76
Italy,1948,14,32,22,323,391,68
Italy,1952,16,22,18,372,428,56
Italy,1956,10,17,28,245,300,55
Italy,1960,35,18,36,371,460,89
Italy,1964,17,30,14,288,349,61
Italy,1968,20,8,13,306,347,41
Italy,1972,14,8,12,380,414,34
Italy,1976,5,27,3,371,406,35
Italy,1980,8,24,8,237,277,40
Italy,1984,28,6,31,420,485,65
Italy,1988,13,11,13,442,479,37
Italy,1992,22,19,25,545,611,66
Italy,1994,12,6,14,161,193,32
Italy,1996,28,24,19,389,460,71
Italy,1998,5,9,3,162,179,17
Italy,2000,29,14,22,392,457,65
Italy,2002,6,11,4,177,198,21
Italy,2004,39,41,24,370,474,104
Italy,2006,14,0,11,265,290,25
Italy,2008,20,14,8,417,459,42
Italy,2010,3,1,1,203,208,5
Italy,2012,30,22,16,314,382,68
Italy,2014,12,2,0,213,227,14
Italy,2016,24,40,8,327,399,72
Ivory Coast,1964,0,0,0,10,10,0
Ivory Coast,1968,0,0,0,11,11,0
Ivory Coast,1972,0,0,0,13,13,0
Ivory Coast,1976,0,0,0,11,11,0
Ivory Coast,1984,0,1,0,17,18,1
Ivory Coast,1988,0,0,0,29,29,0
Ivory Coast,1992,0,0,0,18,18,0
Ivory Coast,1996,0,0,0,13,13,0
Ivory Coast,2000,0,0,0,18,18,0
Ivory Coast,2004,0,0,0,5,5,0
Ivory Coast,2008,0,0,0,22,22,0
Ivory Coast,2012,0,0,0,10,10,0
Ivory Coast,2016,1,0,1,13,15,2
Jamaica,1948,0,2,1,23,26,3
Jamaica,1952,0,3,5,8,16,8
Jamaica,1956,0,0,0,13,13,0
Jamaica,1964,0,0,0,32,32,0
Jamaica,1968,0,1,0,34,35,1
Jamaica,1972,1,0,0,50,51,1
Jamaica,1976,0,1,1,34,36,2
Jamaica,1980,3,0,0,29,32,3
Jamaica,1984,2,5,0,68,75,7
Jamaica,1988,0,7,0,48,55,7
Jamaica,1992,1,3,0,55,59,4
Jamaica,1994,0,0,0,6,6,0
Jamaica,1996,12,3,1,53,69,16
Jamaica,1998,0,0,0,6,6,0
Jamaica,2000,3,20,0,42,65,23
Jamaica,2002,0,0,0,2,2,0
Jamaica,2004,6,1,6,49,62,13
Jamaica,2008,6,3,5,52,66,14
Jamaica,2010,0,0,0,1,1,0
Jamaica,2012,8,9,8,37,62,25
Jamaica,2014,0,0,0,2,2,0
Jamaica,2016,2,17,11,47,77,30
Japan,1912,0,0,0,4,4,0
Japan,1920,0,3,0,23,26,3
Japan,1924,1,0,0,36,37,1
Japan,1928,1,6,2,57,66,9
Japan,1932,4,17,10,205,236,31
Japan,1936,10,4,9,351,374,23
Japan,1952,2,9,1,146,158,12
Japan,1956,5,16,4,223,248,25
Japan,1960,12,10,9,320,351,31
Japan,1964,25,5,32,479,541,62
Japan,1968,22,25,16,321,384,63
Japan,1972,9,20,30,368,427,59
Japan,1976,10,6,25,374,415,41
Japan,1980,0,1,0,79,80,1
Japan,1984,31,9,10,390,440,50
Japan,1988,14,3,4,504,525,21
Japan,1992,43,10,6,469,528,59
Japan,1994,2,5,3,115,125,10
Japan,1996,13,26,3,406,448,42
Japan,1998,4,1,8,232,245,13
Japan,2000,8,31,5,319,363,44
Japan,2002,1,1,0,201,203,2
Japan,2004,52,20,21,321,414,93
Japan,2006,0,0,1,189,190,1
Japan,2008,13,15,23,406,457,51
Japan,2010,2,5,0,146,153,7
Japan,2012,33,44,7,315,399,84
Japan,2014,6,4,1,160,171,11
Japan,2016,34,13,17,372,436,64
Jordan,1980,0,0,0,6,6,0
Jordan,1984,0,0,0,15,15,0
Jordan,1988,0,0,0,9,9,0
Jordan,1992,0,0,0,5,5,0
Jordan,1996,0,0,0,5,5,0
Jordan,2000,0,0,0,8,8,0
Jordan,2004,0,0,0,8,8,0
Jordan,2008,0,0,0,7,7,0
Jordan,2012,0,0,0,9,9,0
Jordan,2016,0,0,1,7,8,1
Kazakhstan,1994,0,2,1,68,71,3
Kazakhstan,1996,4,4,3,131,142,11
Kazakhstan,1998,2,0,0,112,114,2
Kazakhstan,2000,0,4,3,151,158,7
Kazakhstan,2002,0,0,0,101,101,0
Kazakhstan,2004,3,4,1,122,130,8
Kazakhstan,2006,0,0,0,97,97,0
Kazakhstan,2008,7,4,2,133,146,13
Kazakhstan,2010,0,1,0,99,100,1
Kazakhstan,2012,5,1,7,119,132,13
Kazakhstan,2014,1,0,0,114,115,1
Kazakhstan,2016,10,5,3,105,123,18
Kenya,1956,0,0,0,31,31,0
Kenya,1960,0,0,0,30,30,0
Kenya,1964,1,0,0,40,41,1
Kenya,1968,2,7,3,38,50,12
Kenya,1972,4,3,5,57,69,12
Kenya,1984,2,0,1,64,67,3
Kenya,1988,2,2,5,79,88,9
Kenya,1992,2,4,2,47,55,8
Kenya,1996,3,4,1,46,54,8
Kenya,1998,0,0,0,1,1,0
Kenya,2000,2,3,2,52,59,7
Kenya,2002,0,0,0,2,2,0
Kenya,2004,2,4,1,39,46,7
Kenya,2006,0,0,0,1,1,0
Kenya,2008,5,4,6,32,47,15
Kenya,2012,5,4,2,40,51,11
Kenya,2016,1,6,6,67,80,13
Kiribati,2004,0,0,0,3,3,0
Kiribati,2008,0,0,0,2,2,0
Kiribati,2012,0,0,0,3,3,0
Kiribati,2016,0,0,0,3,3,0
Kosovo,2016,0,0,1,7,8,1
Kuwait,1968,0,0,0,2,2,0
Kuwait,1972,0,0,0,4,4,0
Kuwait,1976,0,0,0,21,21,0
Kuwait,1980,0,0,0,67,67,0
Kuwait,1984,0,0,0,31,31,0
Kuwait,1988,0,0,0,34,34,0
Kuwait,1992,0,0,0,37,37,0
Kuwait,1996,0,0,0,27,27,0
Kuwait,2000,1,0,0,29,30,1
Kuwait,2004,0,0,0,11,11,0
Kuwait,2008,0,0,0,8,8,0
Kuwait,2012,1,0,0,11,12,1
Kyrgyzstan,1994,0,0,0,2,2,0
Kyrgyzstan,1996,0,0,0,53,53,0
Kyrgyzstan,1998,0,0,0,2,2,0
Kyrgyzstan,2000,1,0,0,70,71,1
Kyrgyzstan,2002,0,0,0,4,4,0
Kyrgyzstan,2004,0,0,0,32,32,0
Kyrgyzstan,2006,0,0,0,2,2,0
Kyrgyzstan,2008,1,1,0,20,22,2
Kyrgyzstan,2010,0,0,0,3,3,0
Kyrgyzstan,2012,0,0,0,15,15,0
Kyrgyzstan,2014,0,0,0,2,2,0
Kyrgyzstan,2016,0,0,0,19,19,0
Laos,1980,0,0,0,19,19,0
Laos,1988,0,0,0,3,3,0
Laos,1992,0,0,0,7,7,0
Laos,1996,0,0,0,5,5,0
Laos,2000,0,0,0,3,3,0
Laos,2004,0,0,0,5,5,0
Laos,2008,0,0,0,4,4,0
Laos,2012,0,0,0,3,3,0
Laos,2016,0,0,0,5,5,0
Latvia,1924,0,0,0,54,54,0
Latvia,1928,0,0,0,27,27,0
Latvia,1932,0,1,0,12,13,1
Latvia,1936,1,1,0,67,69,2
Latvia,1992,1,2,0,75,78,3
Latvia,1994,0,0,0,42,42,0
Latvia,1996,0,1,0,54,55,1
Latvia,1998,0,0,0,49,49,0
Latvia,2000,1,1,1,57,60,3
Latvia,2002,0,0,0,68,68,0
Latvia,2004,0,4,0,41,45,4
Latvia,2006,1,0,0,91,92,1
Latvia,2008,1,1,1,50,53,3
Latvia,2010,0,3,0,78,81,3
Latvia,2012,2,0,1,47,50,3
Latvia,2014,6,5,0,71,82,11
Latvia,2016,0,0,0,33,33,0
Lebanon,1948,0,0,0,12,12,0
Lebanon,1952,1,1,0,10,12,2
Lebanon,1956,0,0,0,8,8,0
Lebanon,1960,0,0,0,27,27,0
Lebanon,1964,0,0,0,20,20,0
Lebanon,1968,0,0,0,21,21,0
Lebanon,1972,0,1,0,37,38,1
Lebanon,1976,0,0,0,5,5,0
Lebanon,1980,1,0,0,25,26,1
Lebanon,1984,0,0,0,38,38,0
Lebanon,1988,0,0,0,40,40,0
Lebanon,1992,0,0,0,26,26,0
Lebanon,1996,0,0,0,1,1,0
Lebanon,2000,0,0,0,6,6,0
Lebanon,2002,0,0,0,3,3,0
Lebanon,2004,0,0,0,5,5,0
Lebanon,2006,0,0,0,7,7,0
Lebanon,2008,0,0,0,6,6,0
Lebanon,2010,0,0,0,6,6,0
Lebanon,2012,0,0,0,10,10,0
Lebanon,2014,0,0,0,3,3,0
Lebanon,2016,0,0,0,9,9,0
Lesotho,1972,0,0,0,2,2,0
Lesotho,1980,0,0,0,7,7,0
Lesotho,1984,0,0,0,5,5,0
Lesotho,1988,0,0,0,6,6,0
Lesotho,1992,0,0,0,8,8,0
Lesotho,1996,0,0,0,11,11,0
Lesotho,2000,0,0,0,6,6,0
Lesotho,2004,0,0,0,3,3,0
Lesotho,2008,0,0,0,5,5,0
Lesotho,2012,0,0,0,4,4,0
Lesotho,2016,0,0,0,9,9,0
Liberia,1956,0,0,0,11,11,0
Liberia,1960,0,0,0,6,6,0
Liberia,1964,0,0,0,2,2,0
Liberia,1972,0,0,0,5,5,0
Liberia,1984,0,0,0,10,10,0
Liberia,1988,0,0,0,11,11,0
Liberia,1996,0,0,0,7,7,0
Liberia,2000,0,0,0,10,10,0
Liberia,2004,0,0,0,2,2,0
Liberia,2008,0,0,0,4,4,0
Liberia,2012,0,0,0,3,3,0
Liberia,2016,0,0,0,3,3,0
Libya,1968,0,0,0,1,1,0
Libya,1980,0,0,0,38,38,0
Libya,1988,0,0,0,7,7,0
Libya,1992,0,0,0,5,5,0
Libya,1996,0,0,0,5,5,0
Libya,2000,0,0,0,3,3,0
Libya,2004,0,0,0,8,8,0
Libya,2008,0,0,0,6,6,0
Libya,2012,0,0,0,4,4,0
Libya,2016,0,0,0,7,7,0
Liechtenstein,1936,0,0,0,12,12,0
Liechtenstein,1948,0,0,0,18,18,0
Liechtenstein,1952,0,0,0,2,2,0
Liechtenstein,1956,0,0,0,14,14,0
Liechtenstein,1960,0,0,0,17,17,0
Liechtenstein,1964,0,0,0,15,15,0
Liechtenstein,1968,0,0,0,20,20,0
Liechtenstein,1972,0,0,0,22,22,0
Liechtenstein,1976,2,0,0,27,29,2
Liechtenstein,1980,0,2,2,13,17,4
Liechtenstein,1984,2,0,0,25,27,2
Liechtenstein,1988,1,0,0,51,52,1
Liechtenstein,1992,0,0,0,26,26,0
Liechtenstein,1994,0,0,0,25,25,0
Liechtenstein,1996,0,0,0,2,2,0
Liechtenstein,1998,0,0,0,19,19,0
Liechtenstein,2000,0,0,0,2,2,0
Liechtenstein,2002,0,0,0,18,18,0
Liechtenstein,2004,0,0,0,1,1,0
Liechtenstein,2006,0,0,0,12,12,0
Liechtenstein,2008,0,0,0,2,2,0
Liechtenstein,2010,0,0,0,5,5,0
Liechtenstein,2012,0,0,0,4,4,0
Liechtenstein,2014,0,0,0,5,5,0
Liechtenstein,2016,0,0,0,3,3,0
Lithuania,1924,0,0,0,13,13,0
Lithuania,1928,0,0,0,17,17,0
Lithuania,1992,12,0,1,54,67,13
Lithuania,1994,0,0,0,13,13,0
Lithuania,1996,11,0,0,70,81,11
Lithuania,1998,0,0,0,18,18,0
Lithuania,2000,15,0,2,60,77,17
Lithuania,2002,0,0,0,21,21,0
Lithuania,2004,0,2,1,67,70,3
Lithuania,2006,0,0,0,14,14,0
Lithuania,2008,3,2,0,73,78,5
Lithuania,2010,0,0,0,13,13,0
Lithuania,2012,2,1,2,67,72,5
Lithuania,2014,0,0,0,20,20,0
Lithuania,2016,5,2,0,73,80,7
Luxembourg,1900,0,0,1,0,1,1
Luxembourg,1912,0,0,0,44,44,0
Luxembourg,1920,0,1,0,34,35,1
Luxembourg,1924,0,1,1,120,122,2
Luxembourg,1928,0,0,1,111,112,1
Luxembourg,1932,0,0,0,11,11,0
Luxembourg,1936,0,0,0,134,134,0
Luxembourg,1948,0,0,0,115,115,0
Luxembourg,1952,0,0,1,100,101,1
Luxembourg,1956,0,0,0,27,27,0
Luxembourg,1960,0,0,0,117,117,0
Luxembourg,1964,0,0,0,27,27,0
Luxembourg,1968,0,0,0,7,7,0
Luxembourg,1972,0,0,0,15,15,0
Luxembourg,1976,0,0,0,9,9,0
Luxembourg,1980,0,0,0,4,4,0
Luxembourg,1984,0,0,0,5,5,0
Luxembourg,1988,0,0,0,14,14,0
Luxembourg,1992,0,2,0,11,13,2
Luxembourg,1994,0,0,0,5,5,0
Luxembourg,1996,0,0,0,7,7,0
Luxembourg,1998,0,0,0,1,1,0
Luxembourg,2000,0,0,0,9,9,0
Luxembourg,2004,0,0,0,14,14,0
Luxembourg,2006,0,0,0,1,1,0
Luxembourg,2008,0,0,0,19,19,0
Luxembourg,2012,0,0,0,11,11,0
Luxembourg,2014,0,0,0,1,1,0
Luxembourg,2016,0,0,0,15,15,0
Macedonia,1996,0,0,0,16,16,0
Macedonia,1998,0,0,0,3,3,0
Macedonia,2000,1,0,0,14,15,1
Macedonia,2002,0,0,0,4,4,0
Macedonia,2004,0,0,0,14,14,0
Macedonia,2006,0,0,0,5,5,0
Macedonia,2008,0,0,0,7,7,0
Macedonia,2010,0,0,0,4,4,0
Macedonia,2012,0,0,0,4,4,0
Macedonia,2014,0,0,0,6,6,0
Macedonia,2016,0,0,0,6,6,0
Madagascar,1964,0,0,0,4,4,0
Madagascar,1968,0,0,0,6,6,0
Madagascar,1972,0,0,0,13,13,0
Madagascar,1980,0,0,0,18,18,0
Madagascar,1984,0,0,0,5,5,0
Madagascar,1992,0,0,0,17,17,0
Madagascar,1996,0,0,0,14,14,0
Madagascar,2000,0,0,0,13,13,0
Madagascar,2004,0,0,0,8,8,0
Madagascar,2006,0,0,0,2,2,0
Madagascar,2008,0,0,0,6,6,0
Madagascar,2012,0,0,0,7,7,0
Madagascar,2016,0,0,0,6,6,0
Malawi,1972,0,0,0,18,18,0
Malawi,1984,0,0,0,23,23,0
Malawi,1988,0,0,0,22,22,0
Malawi,1992,0,0,0,4,4,0
Malawi,1996,0,0,0,2,2,0
Malawi,2000,0,0,0,2,2,0
Malawi,2004,0,0,0,4,4,0
Malawi,2008,0,0,0,4,4,0
Malawi,2012,0,0,0,3,3,0
Malawi,2016,0,0,0,5,5,0
Malaysia,1956,0,0,0,36,36,0
Malaysia,1960,0,0,0,11,11,0
Malaysia,1964,0,0,0,81,81,0
Malaysia,1968,0,0,0,35,35,0
Malaysia,1972,0,0,0,57,57,0
Malaysia,1976,0,0,0,25,25,0
Malaysia,1984,0,0,0,27,27,0
Malaysia,1988,0,0,0,17,17,0
Malaysia,1992,2,0,0,28,30,2
Malaysia,1996,1,2,0,40,43,3
Malaysia,2000,0,0,0,55,55,0
Malaysia,2004,0,0,0,38,38,0
Malaysia,2008,0,1,0,41,42,1
Malaysia,2012,1,1,0,36,38,2
Malaysia,2016,1,7,0,34,42,8
Maldives,1988,0,0,0,9,9,0
Maldives,1992,0,0,0,10,10,0
Maldives,1996,0,0,0,9,9,0
Maldives,2000,0,0,0,4,4,0
Maldives,2004,0,0,0,4,4,0
Maldives,2008,0,0,0,4,4,0
Maldives,2012,0,0,0,5,5,0
Maldives,2016,0,0,0,4,4,0
Mali,1964,0,0,0,2,2,0
Mali,1968,0,0,0,2,2,0
Mali,1972,0,0,0,3,3,0
Mali,1980,0,0,0,7,7,0
Mali,1984,0,0,0,5,5,0
Mali,1988,0,0,0,8,8,0
Mali,1992,0,0,0,6,6,0
Mali,1996,0,0,0,4,4,0
Mali,2000,0,0,0,5,5,0
Mali,2004,0,0,0,21,21,0
Mali,2008,0,0,0,17,17,0
Mali,2012,0,0,0,6,6,0
Mali,2016,0,0,0,6,6,0
Malta,1928,0,0,0,9,9,0
Malta,1936,0,0,0,11,11,0
Malta,1948,0,0,0,1,1,0
Malta,1960,0,0,0,13,13,0
Malta,1968,0,0,0,1,1,0
Malta,1972,0,0,0,5,5,0
Malta,1980,0,0,0,12,12,0
Malta,1984,0,0,0,7,7,0
Malta,1988,0,0,0,6,6,0
Malta,1992,0,0,0,8,8,0
Malta,1996,0,0,0,10,10,0
Malta,2000,0,0,0,7,7,0
Malta,2004,0,0,0,7,7,0
Malta,2008,0,0,0,6,6,0
Malta,2012,0,0,0,5,5,0
Malta,2014,0,0,0,2,2,0
Malta,2016,0,0,0,8,8,0
Marshall Islands,2008,0,0,0,5,5,0
Marshall Islands,2012,0,0,0,4,4,0
Marshall Islands,2016,0,0,0,5,5,0
Mauritania,1984,0,0,0,2,2,0
Mauritania,1988,0,0,0,7,7,0
Mauritania,1992,0,0,0,6,6,0
Mauritania,1996,0,0,0,4,4,0
Mauritania,2000,0,0,0,2,2,0
Mauritania,2004,0,0,0,2,2,0
Mauritania,2008,0,0,0,2,2,0
Mauritania,2012,0,0,0,2,2,0
Mauritania,2016,0,0,0,2,2,0
Mauritius,1984,0,0,0,7,7,0
Mauritius,1988,0,0,0,11,11,0
Mauritius,1992,0,0,0,22,22,0
Mauritius,1996,0,0,0,36,36,0
Mauritius,2000,0,0,0,26,26,0
Mauritius,2004,0,0,0,9,9,0
Mauritius,2008,1,0,0,10,11,1
Mauritius,2012,0,0,0,11,11,0
Mauritius,2016,0,0,0,11,11,0
Mexico,1900,3,0,0,0,3,3
Mexico,1924,0,0,0,28,28,0
Mexico,1928,0,0,0,60,60,0
Mexico,1932,0,2,0,98,100,2
Mexico,1936,16,0,0,16,32,16
Mexico,1948,4,1,4,140,149,9
Mexico,1952,0,1,0,84,85,1
Mexico,1956,1,0,1,34,36,2
Mexico,1960,1,0,0,109,110,1
Mexico,1964,1,0,0,127,128,1
Mexico,1968,3,3,3,437,446,9
Mexico,1972,0,1,0,280,281,1
Mexico,1976,1,0,1,135,137,2
Mexico,1980,9,1,0,64,74,10
Mexico,1984,1,3,2,152,158,6
Mexico,1988,2,0,0,163,165,2
Mexico,1992,0,1,0,173,174,1
Mexico,1994,0,0,0,1,1,0
Mexico,1996,1,0,0,110,111,1
Mexico,2000,3,2,1,92,98,6
Mexico,2002,0,0,0,3,3,0
Mexico,2004,1,3,0,133,137,4
Mexico,2008,2,0,2,99,103,4
Mexico,2010,0,0,0,2,2,0
Mexico,2012,3,5,16,95,119,24
Mexico,2014,0,0,0,1,1,0
Mexico,2016,2,3,0,134,139,5
Micronesia,2000,0,0,0,5,5,0
Micronesia,2004,0,0,0,5,5,0
Micronesia,2008,0,0,0,5,5,0
Micronesia,2012,0,0,0,6,6,0
Micronesia,2016,0,0,0,5,5,0
Moldova,1994,0,0,0,4,4,0
Moldova,1996,1,2,0,47,50,3
Moldova,1998,0,0,0,4,4,0
Moldova,2000,1,1,0,33,35,2
Moldova,2002,0,0,0,9,9,0
Moldova,2004,0,0,0,33,33,0
Moldova,2006,0,0,0,10,10,0
Moldova,2008,1,0,0,29,30,1
Moldova,2010,0,0,0,11,11,0
Moldova,2012,2,0,0,18,20,2
Moldova,2014,0,0,0,5,5,0
Moldova,2016,0,0,0,23,23,0
Monaco,1920,0,0,0,7,7,0
Monaco,1924,1,0,0,8,9,1
Monaco,1928,0,0,0,12,12,0
Monaco,1932,0,0,0,1,1,0
Monaco,1936,0,0,0,11,11,0
Monaco,1948,0,0,0,4,4,0
Monaco,1952,0,0,0,10,10,0
Monaco,1960,0,0,0,13,13,0
Monaco,1964,0,0,0,1,1,0
Monaco,1968,0,0,0,2,2,0
Monaco,1972,0,0,0,5,5,0
Monaco,1976,0,0,0,10,10,0
Monaco,1984,0,0,0,10,10,0
Monaco,1988,0,0,0,13,13,0
Monaco,1992,0,0,0,12,12,0
Monaco,1994,0,0,0,7,7,0
Monaco,1996,0,0,0,4,4,0
Monaco,1998,0,0,0,6,6,0
Monaco,2000,0,0,0,4,4,0
Monaco,2002,0,0,0,7,7,0
Monaco,2004,0,0,0,3,3,0
Monaco,2006,0,0,0,10,10,0
Monaco,2008,0,0,0,5,5,0
Monaco,2010,0,0,0,6,6,0
Monaco,2012,0,0,0,6,6,0
Monaco,2014,0,0,0,11,11,0
Monaco,2016,0,0,0,8,8,0
Mongolia,1964,0,0,0,62,62,0
Mongolia,1968,3,1,0,44,48,4
Mongolia,1972,0,1,0,51,52,1
Mongolia,1976,0,1,0,32,33,1
Mongolia,1980,2,2,0,63,67,4
Mongolia,1984,0,0,0,12,12,0
Mongolia,1988,1,0,0,40,41,1
Mongolia,1992,2,0,0,47,49,2
Mongolia,1994,0,0,0,2,2,0
Mongolia,1996,1,0,0,17,18,1
Mongolia,1998,0,0,0,3,3,0
Mongolia,2000,0,0,0,23,23,0
Mongolia,2002,0,0,0,4,4,0
Mongolia,2004,1,0,0,20,21,1
Mongolia,2006,0,0,0,2,2,0
Mongolia,2008,0,2,2,27,31,4
Mongolia,2010,0,0,0,2,2,0
Mongolia,2012,3,2,0,27,32,5
Mongolia,2014,0,0,0,2,2,0
Mongolia,2016,1,1,0,44,46,2
Montenegro,2008,0,0,0,20,20,0
Montenegro,2010,0,0,0,2,2,0
Montenegro,2012,0,14,0,20,34,14
Montenegro,2014,0,0,0,3,3,0
Montenegro,2016,0,0,0,35,35,0
Morocco,1960,0,1,0,110,111,1
Morocco,1964,0,0,0,21,21,0
Morocco,1968,0,0,0,33,33,0
Morocco,1972,0,0,0,39,39,0
Morocco,1976,0,0,0,9,9,0
Morocco,1984,0,0,2,40,42,2
Morocco,1988,2,0,1,32,35,3
Morocco,1992,1,1,1,65,68,3
Morocco,1996,2,0,0,36,38,2
Morocco,2000,4,1,0,50,55,5
Morocco,2004,0,1,2,54,57,3
Morocco,2008,1,1,0,47,49,2
Morocco,2010,0,0,0,2,2,0
Morocco,2012,1,0,0,66,67,1
Morocco,2014,0,0,0,4,4,0
Morocco,2016,1,0,0,51,52,1
Mozambique,1980,0,0,0,16,16,0
Mozambique,1984,0,0,0,14,14,0
Mozambique,1988,0,0,0,12,12,0
Mozambique,1992,0,0,0,7,7,0
Mozambique,1996,1,0,0,2,3,1
Mozambique,2000,0,0,1,3,4,1
Mozambique,2004,0,0,0,4,4,0
Mozambique,2008,0,0,0,4,4,0
Mozambique,2012,0,0,0,6,6,0
Mozambique,2016,0,0,0,8,8,0
Myanmar,1948,0,0,0,5,5,0
Myanmar,1952,0,0,0,5,5,0
Myanmar,1956,0,0,0,12,12,0
Myanmar,1960,0,0,0,10,10,0
Myanmar,1964,0,0,0,12,12,0
Myanmar,1968,0,0,0,4,4,0
Myanmar,1972,0,0,0,19,19,0
Myanmar,1980,0,0,0,2,2,0
Myanmar,1984,0,0,0,1,1,0
Myanmar,1988,0,0,0,3,3,0
Myanmar,1992,0,0,0,5,5,0
Myanmar,1996,0,0,0,3,3,0
Myanmar,2000,0,0,0,7,7,0
Myanmar,2004,0,0,0,2,2,0
Myanmar,2008,0,0,0,7,7,0
Myanmar,2012,0,0,0,6,6,0
Myanmar,2016,0,0,0,8,8,0
Namibia,1992,0,2,0,8,10,2
Namibia,1996,0,2,0,8,10,2
Namibia,2000,0,0,0,16,16,0
Namibia,2004,0,0,0,10,10,0
Namibia,2008,0,0,0,11,11,0
Namibia,2012,0,0,0,9,9,0
Namibia,2016,0,0,0,11,11,0
Nauru,1996,0,0,0,3,3,0
Nauru,2000,0,0,0,2,2,0
Nauru,2004,0,0,0,3,3,0
Nauru,2008,0,0,0,1,1,0
Nauru,2012,0,0,0,2,2,0
Nauru,2016,0,0,0,2,2,0
Nepal,1924,0,0,1,0,1,1
Nepal,1964,0,0,0,6,6,0
Nepal,1972,0,0,0,2,2,0
Nepal,1976,0,0,0,1,1,0
Nepal,1980,0,0,0,10,10,0
Nepal,1984,0,0,0,10,10,0
Nepal,1988,0,0,0,20,20,0
Nepal,1992,0,0,0,2,2,0
Nepal,1996,0,0,0,6,6,0
Nepal,2000,0,0,0,5,5,0
Nepal,2002,0,0,0,2,2,0
Nepal,2004,0,0,0,6,6,0
Nepal,2006,0,0,0,1,1,0
Nepal,2008,0,0,0,8,8,0
Nepal,2010,0,0,0,1,1,0
Nepal,2012,0,0,0,5,5,0
Nepal,2014,0,0,0,1,1,0
Nepal,2016,0,0,0,7,7,0
Netherlands,1900,16,8,3,46,73,27
Netherlands,1906,5,1,0,43,49,6
Netherlands,1908,16,0,0,202,218,16
Netherlands,1912,26,0,0,19,45,26
Netherlands,1920,25,10,15,163,213,50
Netherlands,1924,18,1,8,219,246,27
Netherlands,1928,8,29,20,338,395,57
Netherlands,1932,1,10,2,67,80,13
Netherlands,1936,21,7,9,209,246,37
Netherlands,1948,32,2,8,160,202,42
Netherlands,1952,0,21,0,182,203,21
Netherlands,1956,0,0,0,17,17,0
Netherlands,1960,3,2,0,168,173,5
Netherlands,1964,16,11,6,137,170,33
Netherlands,1968,4,10,9,143,166,23
Netherlands,1972,4,4,7,210,225,15
Netherlands,1976,15,4,1,178,198,20
Netherlands,1980,6,3,1,149,159,10
Netherlands,1984,14,7,20,173,214,41
Netherlands,1988,38,8,6,175,227,52
Netherlands,1992,10,21,6,260,297,37
Netherlands,1994,3,1,0,39,43,4
Netherlands,1996,26,9,38,217,290,73
Netherlands,1998,2,4,5,37,48,11
Netherlands,2000,23,29,27,206,285,79
Netherlands,2002,0,5,3,41,49,8
Netherlands,2004,22,51,4,187,264,77
Netherlands,2006,8,2,3,50,63,13
Netherlands,2008,4,18,39,222,283,61
Netherlands,2010,6,1,4,54,65,11
Netherlands,2012,19,29,21,153,222,69
Netherlands,2014,9,7,13,53,82,29
Netherlands,2016,13,25,9,282,329,47
New Zealand,1900,0,0,1,0,1,1
New Zealand,1920,1,0,0,5,6,1
New Zealand,1924,1,0,0,5,6,1
New Zealand,1928,0,0,1,12,13,1
New Zealand,1932,0,2,0,27,29,2
New Zealand,1936,0,0,1,8,9,1
New Zealand,1948,0,0,0,8,8,0
New Zealand,1952,2,0,1,23,26,3
New Zealand,1956,0,0,3,54,57,3
New Zealand,1960,1,0,2,56,59,3
New Zealand,1964,2,0,4,82,88,6
New Zealand,1968,2,0,5,73,80,7
New Zealand,1972,1,4,9,104,118,14
New Zealand,1976,9,1,15,86,111,25
New Zealand,1980,0,0,0,18,18,0
New Zealand,1984,6,1,16,148,171,23
New Zealand,1988,16,4,4,107,131,24
New Zealand,1992,5,10,1,169,185,16
New Zealand,1994,0,0,0,16,16,0
New Zealand,1996,4,2,3,120,129,9
New Zealand,1998,0,0,0,9,9,0
New Zealand,2000,3,0,1,173,177,4
New Zealand,2002,0,0,0,16,16,0
New Zealand,2004,0,2,4,178,184,6
New Zealand,2006,0,0,0,18,18,0
New Zealand,2008,9,2,4,186,201,15
New Zealand,2010,0,0,0,22,22,0
New Zealand,2012,15,3,9,177,204,27
New Zealand,2014,0,0,0,18,18,0
New Zealand,2016,5,25,6,196,232,36
Nicaragua,1968,0,0,0,16,16,0
Nicaragua,1972,0,0,0,10,10,0
Nicaragua,1976,0,0,0,25,25,0
Nicaragua,1980,0,0,0,6,6,0
Nicaragua,1984,0,0,0,5,5,0
Nicaragua,1992,0,0,0,9,9,0
Nicaragua,1996,0,0,0,28,28,0
Nicaragua,2000,0,0,0,6,6,0
Nicaragua,2004,0,0,0,6,6,0
Nicaragua,2008,0,0,0,7,7,0
Nicaragua,2012,0,0,0,6,6,0
Nicaragua,2016,0,0,0,5,5,0
Niger,1964,0,0,0,1,1,0
Niger,1968,0,0,0,2,2,0
Niger,1972,1,0,0,3,4,1
Niger,1984,0,0,0,4,4,0
Niger,1988,0,0,0,6,6,0
Niger,1992,0,0,0,3,3,0
Niger,1996,0,0,0,3,3,0
Niger,2000,0,0,0,4,4,0
Niger,2004,0,0,0,4,4,0
Niger,2008,0,0,0,4,4,0
Niger,2012,0,0,0,6,6,0
Niger,2016,0,1,0,5,6,1
Nigeria,1952,0,0,0,15,15,0
Nigeria,1956,0,0,0,14,14,0
Nigeria,1960,0,0,0,15,15,0
Nigeria,1964,1,0,0,18,19,1
Nigeria,1968,0,0,0,46,46,0
Nigeria,1972,1,0,0,35,36,1
Nigeria,1980,0,0,0,56,56,0
Nigeria,1984,4,1,0,31,36,5
Nigeria,1988,0,0,0,86,86,0
Nigeria,1992,4,7,0,61,72,11
Nigeria,1996,3,4,17,60,84,24
Nigeria,2000,0,2,6,92,100,8
Nigeria,2004,8,0,0,71,79,8
Nigeria,2008,7,16,0,66,89,23
Nigeria,2012,0,0,0,58,58,0
Nigeria,2016,18,0,0,59,77,18
North Korea,1964,0,1,0,19,20,1
North Korea,1972,13,1,1,78,93,15
North Korea,1976,0,1,1,38,40,2
North Korea,1980,2,3,0,116,121,5
North Korea,1984,0,0,0,17,17,0
North Korea,1988,0,0,0,15,15,0
North Korea,1992,7,0,4,148,159,11
North Korea,1996,2,1,2,31,36,5
North Korea,1998,0,0,0,17,17,0
North Korea,2000,3,1,0,43,47,4
North Korea,2004,1,4,0,66,71,5
North Korea,2006,0,0,0,7,7,0
North Korea,2008,3,1,2,60,66,6
North Korea,2010,0,0,0,3,3,0
North Korea,2012,2,0,4,51,57,6
North Korea,2016,2,3,2,31,38,7
Norway,1900,3,6,0,20,29,9
Norway,1904,0,0,2,4,6,2
Norway,1906,0,5,20,30,55,25
Norway,1908,3,32,7,61,103,42
Norway,1912,34,6,40,183,263,80
Norway,1920,27,52,58,130,267,137
Norway,1924,9,12,18,102,141,39
Norway,1928,6,8,10,89,113,24
Norway,1932,3,4,3,31,41,10
Norway,1936,18,20,8,85,131,46
Norway,1948,17,7,7,141,172,31
Norway,1952,6,14,12,259,291,32
Norway,1956,3,1,3,99,106,7
Norway,1960,0,6,5,94,105,11
Norway,1964,6,6,3,118,133,15
Norway,1968,2,11,15,165,193,28
Norway,1972,11,10,4,250,275,25
Norway,1976,1,10,5,144,160,16
Norway,1980,9,5,1,85,100,15
Norway,1984,7,6,6,210,229,19
Norway,1988,5,26,2,161,194,33
Norway,1992,6,30,11,223,270,47
Norway,1994,5,17,8,129,159,30
Norway,1996,18,3,2,93,116,23
Norway,1998,12,15,13,109,149,40
Norway,2000,19,4,20,72,115,43
Norway,2002,7,11,23,125,166,41
Norway,2004,2,0,5,53,60,7
Norway,2006,12,9,2,138,161,23
Norway,2008,1,5,16,80,102,22
Norway,2010,9,14,16,151,190,39
Norway,2012,1,1,15,52,69,17
Norway,2014,13,5,18,183,219,36
Norway,2016,19,0,0,58,77,19
Oman,1984,0,0,0,22,22,0
Oman,1988,0,0,0,13,13,0
Oman,1992,0,0,0,5,5,0
Oman,1996,0,0,0,5,5,0
Oman,2000,0,0,0,8,8,0
Oman,2004,0,0,0,2,2,0
Oman,2008,0,0,0,4,4,0
Oman,2012,0,0,0,3,3,0
Oman,2016,0,0,0,4,4,0
Pakistan,1948,0,0,0,44,44,0
Pakistan,1952,0,0,0,51,51,0
Pakistan,1956,0,14,0,65,79,14
Pakistan,1960,1,0,13,39,53,14
Pakistan,1964,0,16,0,31,47,16
Pakistan,1968,0,0,13,2,15,13
Pakistan,1972,0,15,0,11,26,15
Pakistan,1976,16,0,0,8,24,16
Pakistan,1984,0,0,16,17,33,16
Pakistan,1988,1,0,0,32,33,1
Pakistan,1992,16,0,0,12,28,16
Pakistan,1996,0,0,0,24,24,0
Pakistan,2000,0,0,0,27,27,0
Pakistan,2004,0,0,0,26,26,0
Pakistan,2008,0,0,0,22,22,0
Pakistan,2010,0,0,0,1,1,0
Pakistan,2012,0,0,0,21,21,0
Pakistan,2014,0,0,0,1,1,0
Pakistan,2016,0,0,0,7,7,0
Palau,2000,0,0,0,5,5,0
Palau,2004,0,0,0,4,4,0
Palau,2008,0,0,0,5,5,0
Palau,2012,0,0,0,5,5,0
Palau,2016,0,0,0,6,6,0
Palestine,1996,0,0,0,1,1,0
Palestine,2000,0,0,0,2,2,0
Palestine,2004,0,0,0,3,3,0
Palestine,2008,0,0,0,4,4,0
Palestine,2012,0,0,0,5,5,0
Palestine,2016,0,0,0,6,6,0
Panama,1928,0,0,0,2,2,0
Panama,1948,2,0,0,0,2,2
Panama,1952,0,0,0,1,1,0
Panama,1960,0,0,0,8,8,0
Panama,1964,0,0,0,15,15,0
Panama,1968,0,0,0,16,16,0
Panama,1972,0,0,0,8,8,0
Panama,1976,0,0,0,13,13,0
Panama,1984,0,0,0,10,10,0
Panama,1988,0,0,0,9,9,0
Panama,1992,0,0,0,7,7,0
Panama,1996,0,0,0,9,9,0
Panama,2000,0,0,0,7,7,0
Panama,2004,0,0,0,5,5,0
Panama,2008,0,0,1,4,5,1
Panama,2012,0,0,0,8,8,0
Panama,2016,0,0,0,14,14,0
Papua New Guinea,1976,0,0,0,9,9,0
Papua New Guinea,1984,0,0,0,12,12,0
Papua New Guinea,1988,0,0,0,15,15,0
Papua New Guinea,1992,0,0,0,19,19,0
Papua New Guinea,1996,0,0,0,17,17,0
Papua New Guinea,2000,0,0,0,5,5,0
Papua New Guinea,2004,0,0,0,6,6,0
Papua New Guinea,2008,0,0,0,9,9,0
Papua New Guinea,2012,0,0,0,8,8,0
Papua New Guinea,2016,0,0,0,8,8,0
Paraguay,1968,0,0,0,1,1,0
Paraguay,1972,0,0,0,3,3,0
Paraguay,1976,0,0,0,6,6,0
Paraguay,1984,0,0,0,18,18,0
Paraguay,1988,0,0,0,13,13,0
Paraguay,1992,0,0,0,31,31,0
Paraguay,1996,0,0,0,7,7,0
Paraguay,2000,0,0,0,5,5,0
Paraguay,2004,0,17,0,5,22,17
Paraguay,2008,0,0,0,7,7,0
Paraguay,2012,0,0,0,10,10,0
Paraguay,2014,0,0,0,1,1,0
Paraguay,2016,0,0,0,11,11,0
Peru,1900,0,0,0,2,2,0
Peru,1932,0,0,0,3,3,0
Peru,1936,0,0,0,46,46,0
Peru,1948,0,0,1,48,49,1
Peru,1956,0,0,0,10,10,0
Peru,1960,0,0,0,33,33,0
Peru,1964,0,0,0,40,40,0
Peru,1968,0,0,0,33,33,0
Peru,1972,0,0,0,31,31,0
Peru,1976,0,0,0,14,14,0
Peru,1980,0,0,0,38,38,0
Peru,1984,0,1,0,43,44,1
Peru,1988,0,12,0,14,26,12
Peru,1992,0,1,0,20,21,1
Peru,1996,0,0,0,33,33,0
Peru,2000,0,0,0,22,22,0
Peru,2004,0,0,0,14,14,0
Peru,2008,0,0,0,13,13,0
Peru,2010,0,0,0,5,5,0
Peru,2012,0,0,0,16,16,0
Peru,2014,0,0,0,5,5,0
Peru,2016,0,0,0,34,34,0
Philippines,1924,0,0,0,2,2,0
Philippines,1928,1,0,0,5,6,1
Philippines,1932,3,0,0,5,8,3
Philippines,1936,1,0,0,39,40,1
Philippines,1948,0,0,0,31,31,0
Philippines,1952,0,0,0,28,28,0
Philippines,1956,0,0,0,48,48,0
Philippines,1960,0,0,0,49,49,0
Philippines,1964,0,1,0,69,70,1
Philippines,1968,0,0,0,89,89,0
Philippines,1972,0,0,0,83,83,0
Philippines,1976,0,0,0,22,22,0
Philippines,1984,0,0,0,32,32,0
Philippines,1988,1,0,0,42,43,1
Philippines,1992,1,0,0,39,40,1
Philippines,1996,0,1,0,17,18,1
Philippines,2000,0,0,0,22,22,0
Philippines,2004,0,0,0,21,21,0
Philippines,2008,0,0,0,17,17,0
Philippines,2012,0,0,0,11,11,0
Philippines,2014,0,0,0,1,1,0
Philippines,2016,0,1,0,12,13,1
Poland,1912,0,0,0,1,1,0
Poland,1924,1,4,0,110,115,5
Poland,1928,15,3,2,154,174,20
Poland,1932,14,4,3,72,93,21
Poland,1936,6,6,0,197,209,12
Poland,1948,1,0,1,94,96,2
Poland,1952,1,2,1,286,290,4
Poland,1956,10,9,1,172,192,20
Poland,1960,16,12,4,303,335,32
Poland,1964,23,13,10,280,326,46
Poland,1968,30,2,5,311,348,37
Poland,1972,11,8,28,437,484,47
Poland,1976,26,29,18,306,379,73
Poland,1980,22,25,3,407,457,50
Poland,1984,0,0,0,42,42,0
Poland,1988,10,9,2,214,235,21
Poland,1992,19,22,5,315,361,46
Poland,1994,0,0,0,59,59,0
Poland,1996,7,8,7,185,207,22
Poland,1998,0,0,0,79,79,0
Poland,2000,7,10,7,216,240,24
Poland,2002,1,1,0,52,54,2
Poland,2004,6,2,4,212,224,12
Poland,2006,1,1,0,89,91,2
Poland,2008,1,13,6,296,316,20
Poland,2010,4,3,1,98,106,8
Poland,2012,8,2,2,244,256,12
Poland,2014,3,4,4,138,149,11
Poland,2016,10,3,3,273,289,16
Portugal,1912,0,0,0,8,8,0
Portugal,1920,0,0,0,40,40,0
Portugal,1924,4,0,0,43,47,4
Portugal,1928,6,0,0,33,39,6
Portugal,1932,0,0,0,8,8,0
Portugal,1936,3,0,0,23,26,3
Portugal,1948,3,2,0,60,65,5
Portugal,1952,2,0,0,154,156,2
Portugal,1956,0,0,0,18,18,0
Portugal,1960,0,2,0,107,109,2
Portugal,1964,0,0,0,25,25,0
Portugal,1968,0,0,0,33,33,0
Portugal,1972,0,0,0,41,41,0
Portugal,1976,0,2,0,34,36,2
Portugal,1980,0,0,0,18,18,0
Portugal,1984,2,0,1,45,48,3
Portugal,1988,0,0,1,98,99,1
Portugal,1992,0,0,0,115,115,0
Portugal,1994,0,0,0,4,4,0
Portugal,1996,2,0,1,128,131,3
Portugal,1998,0,0,0,2,2,0
Portugal,2000,2,0,0,62,64,2
Portugal,2004,1,2,0,90,93,3
Portugal,2006,0,0,0,1,1,0
Portugal,2008,0,1,1,85,87,2
Portugal,2010,0,0,0,1,1,0
Portugal,2012,0,2,0,96,98,2
Portugal,2014,0,0,0,4,4,0
Portugal,2016,1,0,0,105,106,1
Puerto Rico,1948,1,0,0,8,9,1
Puerto Rico,1952,0,0,0,23,23,0
Puerto Rico,1956,0,0,0,14,14,0
Puerto Rico,1960,0,0,0,29,29,0
Puerto Rico,1964,0,0,0,45,45,0
Puerto Rico,1968,0,0,0,99,99,0
Puerto Rico,1972,0,0,0,60,60,0
Puerto Rico,1976,1,0,0,111,112,1
Puerto Rico,1980,0,0,0,3,3,0
Puerto Rico,1984,1,1,0,57,59,2
Puerto Rico,1988,0,0,0,73,73,0
Puerto Rico,1992,1,0,0,106,107,1
Puerto Rico,1994,0,0,0,6,6,0
Puerto Rico,1996,1,0,0,90,91,1
Puerto Rico,1998,0,0,0,7,7,0
Puerto Rico,2000,0,0,0,38,38,0
Puerto Rico,2004,0,0,0,52,52,0
Puerto Rico,2008,0,0,0,31,31,0
Puerto Rico,2012,1,1,0,26,28,2
Puerto Rico,2016,0,0,1,40,41,1
Qatar,1984,0,0,0,26,26,0
Qatar,1988,0,0,0,13,13,0
Qatar,1992,1,0,0,29,30,1
Qatar,1996,0,0,0,13,13,0
Qatar,2000,1,0,0,18,19,1
Qatar,2004,0,0,0,15,15,0
Qatar,2008,0,0,0,20,20,0
Qatar,2012,2,0,0,12,14,2
Qatar,2016,0,1,0,41,42,1
Republic of Congo,1964,0,0,0,2,2,0
Republic of Congo,1972,0,0,0,8,8,0
Republic of Congo,1980,0,0,0,25,25,0
Republic of Congo,1984,0,0,0,13,13,0
Republic of Congo,1988,0,0,0,10,10,0
Republic of Congo,1992,0,0,0,10,10,0
Republic of Congo,1996,0,0,0,5,5,0
Republic of Congo,2000,0,0,0,5,5,0
Republic of Congo,2004,0,0,0,5,5,0
Republic of Congo,2008,0,0,0,5,5,0
Republic of Congo,2012,0,0,0,7,7,0
Republic of Congo,2016,0,0,0,10,10,0
Romania,1900,0,0,0,1,1,0
Romania,1924,16,0,0,29,45,16
Romania,1928,0,0,0,43,43,0
Romania,1932,0,0,0,8,8,0
Romania,1936,0,1,0,139,140,1
Romania,1948,0,0,0,14,14,0
Romania,1952,2,1,1,262,266,4
Romania,1956,10,3,6,119,138,19
Romania,1960,11,1,3,141,156,15
Romania,1964,10,4,2,247,263,16
Romania,1968,11,9,5,116,141,25
Romania,1972,27,10,3,241,281,40
Romania,1976,23,28,4,243,298,55
Romania,1980,46,15,7,313,381,68
Romania,1984,35,31,40,122,228,106
Romania,1988,16,34,8,139,197,58
Romania,1992,14,31,8,315,368,53
Romania,1994,0,0,0,48,48,0
Romania,1996,15,10,13,246,284,38
Romania,1998,0,0,0,29,29,0
Romania,2000,13,6,27,206,252,46
Romania,2002,0,0,0,41,41,0
Romania,2004,11,5,23,154,193,39
Romania,2006,0,0,0,53,53,0
Romania,2008,16,1,5,150,172,22
Romania,2010,0,0,0,49,49,0
Romania,2012,6,8,2,139,155,16
Romania,2014,0,0,0,40,40,0
Romania,2016,10,2,4,105,121,16
Russia,1900,0,0,0,5,5,0
Russia,1908,0,2,1,4,7,3
Russia,1912,9,5,0,252,266,14
Russia,1924,0,0,0,3,3,0
Russia,1952,19,62,36,334,451,117
Russia,1956,61,51,94,286,492,206
Russia,1960,73,70,68,294,505,211
Russia,1964,60,71,90,349,570,221
Russia,1968,69,69,91,363,592,229
Russia,1972,63,53,143,390,649,259
Russia,1976,88,102,152,353,695,342
Russia,1980,133,158,205,293,789,496
Russia,1984,12,15,29,87,143,56
Russia,1988,111,81,174,433,799,366
Russia,1992,81,71,127,585,864,279
Russia,1994,4,13,19,172,208,36
Russia,1996,34,45,36,437,552,115
Russia,1998,6,32,14,145,197,52
Russia,2000,54,67,66,415,602,187
Russia,2002,27,5,6,202,240,38
Russia,2004,95,46,48,404,593,189
Russia,2006,13,12,16,242,283,41
Russia,2008,53,46,43,458,600,142
Russia,2010,14,5,6,254,279,25
Russia,2012,51,39,50,409,549,140
Russia,2014,13,22,33,285,353,68
Russia,2016,35,28,52,291,406,115
Rwanda,1984,0,0,0,6,6,0
Rwanda,1988,0,0,0,8,8,0
Rwanda,1992,0,0,0,10,10,0
Rwanda,1996,0,0,0,4,4,0
Rwanda,2000,0,0,0,5,5,0
Rwanda,2004,0,0,0,5,5,0
Rwanda,2008,0,0,0,4,4,0
Rwanda,2012,0,0,0,7,7,0
Rwanda,2016,0,0,0,7,7,0
Saint Kitts,1996,0,0,0,14,14,0
Saint Kitts,2000,0,0,0,4,4,0
Saint Kitts,2004,0,0,0,2,2,0
Saint Kitts,2008,0,0,0,6,6,0
Saint Kitts,2012,0,0,0,7,7,0
Saint Kitts,2016,0,0,0,9,9,0
Saint Lucia,1996,0,0,0,8,8,0
Saint Lucia,2000,0,0,0,5,5,0
Saint Lucia,2004,0,0,0,2,2,0
Saint Lucia,2008,0,0,0,4,4,0
Saint Lucia,2012,0,0,0,4,4,0
Saint Lucia,2016,0,0,0,5,5,0
Saint Vincent,1988,0,0,0,6,6,0
Saint Vincent,1992,0,0,0,8,8,0
Saint Vincent,1996,0,0,0,12,12,0
Saint Vincent,2000,0,0,0,4,4,0
Saint Vincent,2004,0,0,0,3,3,0
Saint Vincent,2008,0,0,0,2,2,0
Saint Vincent,2012,0,0,0,3,3,0
Saint Vincent,2016,0,0,0,4,4,0
Samoa,1984,0,0,0,9,9,0
Samoa,1988,0,0,0,11,11,0
Samoa,1992,0,0,0,5,5,0
Samoa,1996,0,0,0,5,5,0
Samoa,2000,0,0,0,5,5,0
Samoa,2004,0,0,0,3,3,0
Samoa,2008,0,0,0,7,7,0
Samoa,2012,0,0,0,9,9,0
Samoa,2016,0,0,0,9,9,0
San Marino,1960,0,0,0,13,13,0
San Marino,1968,0,0,0,4,4,0
San Marino,1972,0,0,0,7,7,0
San Marino,1976,0,0,0,13,13,0
San Marino,1980,0,0,0,16,16,0
San Marino,1984,0,0,0,37,37,0
San Marino,1988,0,0,0,27,27,0
San Marino,1992,0,0,0,28,28,0
San Marino,1994,0,0,0,3,3,0
San Marino,1996,0,0,0,7,7,0
San Marino,2000,0,0,0,4,4,0
San Marino,2002,0,0,0,1,1,0
San Marino,2004,0,0,0,5,5,0
San Marino,2006,0,0,0,1,1,0
San Marino,2008,0,0,0,4,4,0
San Marino,2010,0,0,0,1,1,0
San Marino,2012,0,0,0,4,4,0
San Marino,2014,0,0,0,2,2,0
San Marino,2016,0,0,0,4,4,0
Sao Tome and Principe,1996,0,0,0,2,2,0
Sao Tome and Principe,2000,0,0,0,2,2,0
Sao Tome and Principe,2004,0,0,0,2,2,0
Sao Tome and Principe,2008,0,0,0,4,4,0
Sao Tome and Principe,2012,0,0,0,2,2,0
Sao Tome and Principe,2016,0,0,0,3,3,0
Saudi Arabia,1972,0,0,0,14,14,0
Saudi Arabia,1976,0,0,0,19,19,0
Saudi Arabia,1984,0,0,0,42,42,0
Saudi Arabia,1988,0,0,0,13,13,0
Saudi Arabia,1992,0,0,0,17,17,0
Saudi Arabia,1996,0,0,0,34,34,0
Saudi Arabia,2000,1,1,0,21,23,2
Saudi Arabia,2004,0,0,0,16,16,0
Saudi Arabia,2008,0,0,0,18,18,0
Saudi Arabia,2012,4,0,0,19,23,4
Saudi Arabia,2016,0,0,0,11,11,0
Senegal,1964,0,0,0,14,14,0
Senegal,1968,0,0,0,24,24,0
Senegal,1972,0,0,0,40,40,0
Senegal,1976,0,0,0,33,33,0
Senegal,1980,0,0,0,39,39,0
Senegal,1984,0,0,0,31,31,0
Senegal,1988,0,1,0,34,35,1
Senegal,1992,0,0,0,35,35,0
Senegal,1994,0,0,0,1,1,0
Senegal,1996,0,0,0,12,12,0
Senegal,2000,0,0,0,32,32,0
Senegal,2004,0,0,0,21,21,0
Senegal,2006,0,0,0,3,3,0
Senegal,2008,0,0,0,17,17,0
Senegal,2010,0,0,0,2,2,0
Senegal,2012,0,0,0,32,32,0
Senegal,2016,0,0,0,22,22,0
Serbia,1912,0,0,0,2,2,0
Serbia,1920,0,0,0,15,15,0
Serbia,1924,0,0,2,121,123,2
Serbia,1928,10,1,1,82,94,12
Serbia,1932,0,0,0,1,1,0
Serbia,1936,0,1,0,196,197,1
Serbia,1948,0,16,0,176,192,16
Serbia,1952,0,20,4,179,203,24
Serbia,1956,0,23,0,50,73,23
Serbia,1960,0,1,16,168,185,17
Serbia,1964,2,11,2,162,177,15
Serbia,1968,2,14,13,147,176,29
Serbia,1972,2,1,15,225,243,18
Serbia,1976,3,14,2,117,136,19
Serbia,1980,17,27,13,150,207,57
Serbia,1984,35,6,47,181,269,88
Serbia,1988,22,32,15,163,232,69
Serbia,1992,0,0,0,60,60,0
Serbia,1996,13,12,1,53,79,26
Serbia,1998,0,0,0,2,2,0
Serbia,2000,13,1,11,100,125,25
Serbia,2002,0,0,0,8,8,0
Serbia,2004,0,13,0,83,96,13
Serbia,2006,0,0,0,11,11,0
Serbia,2008,14,1,0,82,97,15
Serbia,2010,0,0,0,15,15,0
Serbia,2012,14,1,1,118,134,16
Serbia,2014,0,0,0,17,17,0
Serbia,2016,13,27,14,73,127,54
Seychelles,1980,0,0,0,21,21,0
Seychelles,1984,0,0,0,15,15,0
Seychelles,1992,0,0,0,21,21,0
Seychelles,1996,0,0,0,9,9,0
Seychelles,2000,0,0,0,9,9,0
Seychelles,2004,0,0,0,10,10,0
Seychelles,2008,0,0,0,10,10,0
Seychelles,2012,0,0,0,6,6,0
Seychelles,2016,0,0,0,10,10,0
Sierra Leone,1968,0,0,0,4,4,0
Sierra Leone,1980,0,0,0,32,32,0
Sierra Leone,1984,0,0,0,10,10,0
Sierra Leone,1988,0,0,0,20,20,0
Sierra Leone,1992,0,0,0,15,15,0
Sierra Leone,1996,0,0,0,19,19,0
Sierra Leone,2000,0,0,0,3,3,0
Sierra Leone,2004,0,0,0,2,2,0
Sierra Leone,2008,0,0,0,3,3,0
Sierra Leone,2012,0,0,0,2,2,0
Sierra Leone,2016,0,0,0,4,4,0
Slovakia,1994,0,0,0,67,67,0
Slovakia,1996,1,1,1,95,98,3
Slovakia,1998,0,0,0,64,64,0
Slovakia,2000,1,3,2,126,132,6
Slovakia,2002,0,0,0,79,79,0
Slovakia,2004,5,2,3,74,84,10
Slovakia,2006,0,1,0,113,114,1
Slovakia,2008,1,5,4,57,67,10
Slovakia,2010,1,1,1,104,107,3
Slovakia,2012,4,1,0,60,65,5
Slovakia,2014,0,0,1,114,115,1
Slovakia,2016,0,5,3,55,63,8
Slovenia,1992,6,0,0,102,108,6
Slovenia,1994,3,0,0,56,59,3
Slovenia,1996,0,2,0,45,47,2
Slovenia,1998,0,0,0,69,69,0
Slovenia,2000,0,0,3,87,90,3
Slovenia,2002,4,0,0,92,96,4
Slovenia,2004,3,2,0,97,102,5
Slovenia,2006,0,0,0,96,96,0
Slovenia,2008,2,2,1,68,73,5
Slovenia,2010,1,2,0,104,107,3
Slovenia,2012,3,1,1,73,78,5
Slovenia,2014,4,2,2,108,116,8
Slovenia,2016,1,2,1,66,70,4
Solomon Islands,1984,0,0,0,3,3,0
Solomon Islands,1988,0,0,0,5,5,0
Solomon Islands,1992,0,0,0,1,1,0
Solomon Islands,1996,0,0,0,4,4,0
Solomon Islands,2000,0,0,0,2,2,0
Solomon Islands,2004,0,0,0,2,2,0
Solomon Islands,2008,0,0,0,3,3,0
Solomon Islands,2012,0,0,0,4,4,0
Solomon Islands,2016,0,0,0,3,3,0
Somalia,1972,0,0,0,4,4,0
Somalia,1984,0,0,0,9,9,0
Somalia,1988,0,0,0,5,5,0
Somalia,1996,0,0,0,4,4,0
Somalia,2000,0,0,0,2,2,0
Somalia,2004,0,0,0,2,2,0
Somalia,2008,0,0,0,2,2,0
Somalia,2012,0,0,0,2,2,0
Somalia,2016,0,0,0,2,2,0
South Africa,1904,0,0,0,8,8,0
South Africa,1908,0,1,1,31,33,2
South Africa,1912,0,2,5,49,56,7
South Africa,1920,6,12,3,76,97,21
South Africa,1924,1,1,1,41,44,3
South Africa,1928,5,0,1,34,40,6
South Africa,1932,3,0,2,15,20,5
South Africa,1936,0,1,0,53,54,1
South Africa,1948,2,2,2,37,43,6
South Africa,1952,4,8,2,95,109,14
South Africa,1956,7,0,0,83,90,7
South Africa,1960,2,1,0,73,76,3
South Africa,1992,0,3,0,138,141,3
South Africa,1994,0,0,0,3,3,0
South Africa,1996,1,1,3,106,111,5
South Africa,1998,0,0,0,3,3,0
South Africa,2000,3,2,0,156,161,5
South Africa,2002,0,0,0,4,4,0
South Africa,2004,3,3,4,118,128,10
South Africa,2006,0,0,0,9,9,0
South Africa,2008,0,1,0,178,179,1
South Africa,2010,0,0,0,2,2,0
South Africa,2012,1,2,6,136,145,9
South Africa,2016,14,7,2,132,155,23
South Korea,1948,2,0,0,53,55,2
South Korea,1952,2,0,0,20,22,2
South Korea,1956,1,1,0,44,46,2
South Korea,1960,0,0,0,69,69,0
South Korea,1964,1,2,0,253,256,3
South Korea,1968,1,1,0,78,80,2
South Korea,1972,0,1,0,53,54,1
South Korea,1976,15,1,1,43,60,17
South Korea,1980,0,0,0,24,24,0
South Korea,1984,7,28,6,237,278,41
South Korea,1988,12,37,28,530,607,77
South Korea,1992,17,6,33,323,379,56
South Korea,1994,1,1,7,36,45,9
South Korea,1996,7,49,10,351,417,66
South Korea,1998,2,4,6,67,79,12
South Korea,2000,35,26,12,286,359,73
South Korea,2002,0,2,5,80,87,7
South Korea,2004,10,28,14,292,344,52
South Korea,2006,2,3,14,66,85,19
South Korea,2008,26,11,41,251,329,78
South Korea,2010,2,10,6,66,84,18
South Korea,2012,30,13,18,251,312,61
South Korea,2014,2,5,7,116,130,14
South Korea,2016,10,3,13,237,263,26
South Sudan,2016,0,0,0,3,3,0
Spain,1900,0,0,2,10,12,2
Spain,1920,0,23,0,88,111,23
Spain,1924,0,0,0,151,151,0
Spain,1928,0,0,3,103,106,3
Spain,1932,1,0,0,7,8,1
Spain,1936,0,0,0,6,6,0
Spain,1948,0,3,0,93,96,3
Spain,1952,0,1,0,52,53,1
Spain,1956,0,0,0,30,30,0
Spain,1960,14,0,0,236,250,14
Spain,1964,0,0,0,79,79,0
Spain,1968,0,0,0,165,165,0
Spain,1972,1,0,1,167,169,2
Spain,1976,0,6,0,165,171,6
Spain,1980,3,19,2,202,226,24
Spain,1984,3,14,2,263,282,19
Spain,1988,2,2,1,341,346,5
Spain,1992,3,19,48,512,582,70
Spain,1994,0,0,0,33,33,0
Spain,1996,22,21,23,318,384,66
Spain,1998,0,0,0,24,24,0
Spain,2000,20,19,3,389,431,42
Spain,2002,0,0,0,16,16,0
Spain,2004,9,17,4,393,423,30
Spain,2006,0,0,0,28,28,0
Spain,2008,16,47,7,285,355,70
Spain,2010,0,0,0,35,35,0
Spain,2012,25,33,5,276,339,63
Spain,2014,0,0,0,39,39,0
Spain,2016,17,19,9,318,363,45
Sri Lanka,1948,0,1,0,9,10,1
Sri Lanka,1952,0,0,0,7,7,0
Sri Lanka,1956,0,0,0,3,3,0
Sri Lanka,1960,0,0,0,5,5,0
Sri Lanka,1964,0,0,0,7,7,0
Sri Lanka,1968,0,0,0,3,3,0
Sri Lanka,1972,0,0,0,6,6,0
Sri Lanka,1980,0,0,0,4,4,0
Sri Lanka,1984,0,0,0,6,6,0
Sri Lanka,1988,0,0,0,9,9,0
Sri Lanka,1992,0,0,0,16,16,0
Sri Lanka,1996,0,0,0,11,11,0
Sri Lanka,2000,0,1,0,23,24,1
Sri Lanka,2004,0,0,0,8,8,0
Sri Lanka,2008,0,0,0,9,9,0
Sri Lanka,2012,0,0,0,8,8,0
Sri Lanka,2016,0,0,0,10,10,0
Sudan,1960,0,0,0,13,13,0
Sudan,1968,0,0,0,7,7,0
Sudan,1972,0,0,0,31,31,0
Sudan,1984,0,0,0,9,9,0
Sudan,1988,0,0,0,8,8,0
Sudan,1992,0,0,0,7,7,0
Sudan,1996,0,0,0,4,4,0
Sudan,2000,0,0,0,3,3,0
Sudan,2004,0,0,0,4,4,0
Sudan,2008,0,1,0,8,9,1
Sudan,2012,0,0,0,6,6,0
Sudan,2016,0,0,0,6,6,0
Suriname,1968,0,0,0,1,1,0
Suriname,1972,0,0,0,3,3,0
Suriname,1976,0,0,0,4,4,0
Suriname,1984,0,0,0,7,7,0
Suriname,1988,0,0,1,9,10,1
Suriname,1992,1,0,0,8,9,1
Suriname,1996,0,0,0,11,11,0
Suriname,2000,0,0,0,5,5,0
Suriname,2004,0,0,0,4,4,0
Suriname,2008,0,0,0,4,4,0
Suriname,2012,0,0,0,5,5,0
Suriname,2016,0,0,0,6,6,0
Swaziland,1972,0,0,0,4,4,0
Swaziland,1984,0,0,0,11,11,0
Swaziland,1988,0,0,0,15,15,0
Swaziland,1992,0,0,0,13,13,0
Swaziland,1996,0,0,0,6,6,0
Swaziland,2000,0,0,0,6,6,0
Swaziland,2004,0,0,0,3,3,0
Swaziland,2008,0,0,0,4,4,0
Swaziland,2012,0,0,0,3,3,0
Swaziland,2016,0,0,0,2,2,0
Sweden,1896,0,0,0,5,5,0
Sweden,1900,1,0,3,23,27,4
Sweden,1906,14,5,2,74,95,21
Sweden,1908,18,18,48,192,276,84
Sweden,1912,25,62,103,524,714,190
Sweden,1920,64,38,52,250,404,154
Sweden,1924,43,30,8,216,297,81
Sweden,1928,23,21,9,116,169,53
Sweden,1932,12,9,14,111,146,35
Sweden,1936,23,13,9,224,269,45
Sweden,1948,33,18,37,205,293,88
Sweden,1952,46,24,23,356,449,93
Sweden,1956,15,18,16,230,279,49
Sweden,1960,5,4,7,314,330,16
Sweden,1964,9,25,9,235,278,43
Sweden,1968,7,11,7,273,298,25
Sweden,1972,10,11,5,261,287,26
Sweden,1976,2,1,9,229,241,12
Sweden,1980,29,8,6,267,310,43
Sweden,1984,34,20,10,288,352,64
Sweden,1988,34,5,7,331,377,46
Sweden,1992,13,27,2,346,388,42
Sweden,1994,0,1,23,127,151,24
Sweden,1996,5,23,3,202,233,31
Sweden,1998,5,2,0,139,146,7
Sweden,2000,8,20,4,166,198,32
Sweden,2002,24,2,0,133,159,26
Sweden,2004,2,5,5,145,157,12
Sweden,2006,8,21,35,104,168,64
Sweden,2008,2,5,0,162,169,7
Sweden,2010,4,3,11,154,172,18
Sweden,2012,3,17,2,146,168,22
Sweden,2014,11,32,8,97,148,51
Sweden,2016,3,23,2,158,186,28
Switzerland,1896,0,2,1,5,8,3
Switzerland,1900,1,4,16,31,52,21
Switzerland,1904,2,0,1,4,7,3
Switzerland,1906,1,3,8,33,45,12
Switzerland,1908,0,0,0,1,1,0
Switzerland,1912,0,0,2,5,7,2
Switzerland,1920,21,2,6,97,126,29
Switzerland,1924,22,25,22,232,301,69
Switzerland,1928,16,10,16,237,279,42
Switzerland,1932,0,3,0,18,21,3
Switzerland,1936,24,29,9,305,367,62
Switzerland,1948,25,30,9,322,386,64
Switzerland,1952,18,19,2,288,327,39
Switzerland,1956,5,2,6,85,98,13
Switzerland,1960,6,6,2,247,261,14
Switzerland,1964,1,4,1,227,233,6
Switzerland,1968,17,5,0,195,217,22
Switzerland,1972,7,11,7,319,344,25
Switzerland,1976,8,9,2,168,187,19
Switzerland,1980,3,4,4,148,159,11
Switzerland,1984,8,11,2,303,324,21
Switzerland,1988,7,13,8,249,277,28
Switzerland,1992,5,0,3,292,300,8
Switzerland,1994,4,8,4,90,106,16
Switzerland,1996,0,6,5,161,172,11
Switzerland,1998,3,5,6,104,118,14
Switzerland,2000,2,11,1,124,138,14
Switzerland,2002,14,7,3,143,167,24
Switzerland,2004,4,2,1,131,138,7
Switzerland,2006,9,7,5,160,181,21
Switzerland,2008,7,1,3,105,116,11
Switzerland,2010,6,0,6,178,190,12
Switzerland,2012,0,2,2,122,126,4
Switzerland,2014,20,4,6,189,219,30
Switzerland,2016,2,3,6,141,152,11
Syria,1948,0,0,0,1,1,0
Syria,1960,1,1,0,121,123,2
Syria,1968,0,0,0,2,2,0
Syria,1972,0,0,0,5,5,0
Syria,1980,0,0,0,71,71,0
Syria,1984,0,1,0,8,9,1
Syria,1988,0,0,0,13,13,0
Syria,1992,0,0,0,9,9,0
Syria,1996,0,0,1,7,8,1
Syria,2000,0,0,0,8,8,0
Syria,2004,1,0,0,5,6,1
Syria,2008,0,0,0,7,7,0
Syria,2012,0,0,0,10,10,0
Syria,2016,0,0,0,7,7,0
Taiwan,1956,0,0,0,23,23,0
Taiwan,1960,0,1,0,30,31,1
Taiwan,1964,0,0,0,96,96,0
Taiwan,1968,1,0,0,92,93,1
Taiwan,1972,0,0,0,53,53,0
Taiwan,1976,0,0,0,11,11,0
Taiwan,1984,1,0,0,71,72,1
Taiwan,1988,0,0,0,145,145,0
Taiwan,1992,0,20,0,29,49,20
Taiwan,1994,0,0,0,2,2,0
Taiwan,1996,0,1,0,106,107,1
Taiwan,1998,0,0,0,9,9,0
Taiwan,2000,4,1,0,70,75,5
Taiwan,2002,0,0,0,6,6,0
Taiwan,2004,3,4,2,95,104,9
Taiwan,2006,0,0,0,1,1,0
Taiwan,2008,4,0,0,88,92,4
Taiwan,2010,0,0,0,1,1,0
Taiwan,2012,1,1,0,53,55,2
Taiwan,2014,0,0,0,5,5,0
Taiwan,2016,4,0,1,62,67,5
Tajikistan,1996,0,0,0,8,8,0
Tajikistan,2000,0,0,0,4,4,0
Tajikistan,2002,0,0,0,2,2,0
Tajikistan,2004,0,0,0,9,9,0
Tajikistan,2006,0,0,0,3,3,0
Tajikistan,2008,1,1,0,14,16,2
Tajikistan,2010,0,0,0,4,4,0
Tajikistan,2012,1,0,0,15,16,1
Tajikistan,2014,0,0,0,1,1,0
Tajikistan,2016,0,0,1,6,7,1
Tanzania,1964,0,0,0,4,4,0
Tanzania,1968,0,0,0,5,5,0
Tanzania,1972,0,0,0,22,22,0
Tanzania,1980,0,2,0,46,48,2
Tanzania,1984,0,0,0,21,21,0
Tanzania,1988,0,0,0,10,10,0
Tanzania,1992,0,0,0,9,9,0
Tanzania,1996,0,0,0,7,7,0
Tanzania,2000,0,0,0,4,4,0
Tanzania,2004,0,0,0,9,9,0
Tanzania,2008,0,0,0,9,9,0
Tanzania,2012,0,0,0,6,6,0
Tanzania,2016,0,0,0,7,7,0
Thailand,1952,0,0,0,15,15,0
Thailand,1956,0,0,0,40,40,0
Thailand,1960,0,0,0,24,24,0
Thailand,1964,0,0,0,67,67,0
Thailand,1968,0,0,0,46,46,0
Thailand,1972,0,0,0,37,37,0
Thailand,1976,1,0,0,61,62,1
Thailand,1984,0,1,0,39,40,1
Thailand,1988,1,0,0,14,15,1
Thailand,1992,1,0,0,63,64,1
Thailand,1996,1,0,1,56,58,2
Thailand,2000,2,0,1,65,68,3
Thailand,2002,0,0,0,2,2,0
Thailand,2004,4,1,3,43,51,8
Thailand,2006,0,0,0,1,1,0
Thailand,2008,0,2,2,49,53,4
Thailand,2012,1,2,0,40,43,3
Thailand,2014,0,0,0,3,3,0
Thailand,2016,2,2,2,52,58,6
Timor-Leste,2004,0,0,0,2,2,0
Timor-Leste,2008,0,0,0,1,1,0
Timor-Leste,2012,0,0,0,2,2,0
Timor-Leste,2014,0,0,0,1,1,0
Timor-Leste,2016,0,0,0,3,3,0
Togo,1972,0,0,0,7,7,0
Togo,1984,0,0,0,6,6,0
Togo,1988,0,0,0,6,6,0
Togo,1992,0,0,0,9,9,0
Togo,1996,0,0,0,7,7,0
Togo,2000,0,0,0,3,3,0
Togo,2004,0,0,0,3,3,0
Togo,2008,1,0,0,3,4,1
Togo,2012,0,0,0,6,6,0
Togo,2014,0,0,0,3,3,0
Togo,2016,0,0,0,5,5,0
Tonga,1984,0,0,0,7,7,0
Tonga,1988,0,0,0,7,7,0
Tonga,1992,0,0,0,5,5,0
Tonga,1996,0,1,0,4,5,1
Tonga,2000,0,0,0,3,3,0
Tonga,2004,0,0,0,5,5,0
Tonga,2008,0,0,0,3,3,0
Tonga,2012,0,0,0,3,3,0
Tonga,2014,0,0,0,1,1,0
Tonga,2016,0,0,0,7,7,0
Trinidad,1948,0,1,0,8,9,1
Trinidad,1952,2,0,0,0,2,2
Trinidad,1956,0,0,0,10,10,0
Trinidad,1960,5,0,0,15,20,5
Trinidad,1964,5,1,0,12,18,6
Trinidad,1968,0,0,0,25,25,0
Trinidad,1972,0,0,0,36,36,0
Trinidad,1976,0,0,1,19,20,1
Trinidad,1980,0,0,0,15,15,0
Trinidad,1984,0,0,0,23,23,0
Trinidad,1988,0,0,0,10,10,0
Trinidad,1992,0,0,0,13,13,0
Trinidad,1994,0,0,0,2,2,0
Trinidad,1996,2,0,0,14,16,2
Trinidad,1998,0,0,0,2,2,0
Trinidad,2000,1,1,0,27,29,2
Trinidad,2002,0,0,0,3,3,0
Trinidad,2004,1,0,0,25,26,1
Trinidad,2008,0,1,5,29,35,6
Trinidad,2012,5,4,1,28,38,10
Trinidad,2016,1,0,0,42,43,1
Tunisia,1960,0,0,0,56,56,0
Tunisia,1964,1,1,0,10,12,2
Tunisia,1968,1,0,1,6,8,2
Tunisia,1972,0,1,0,36,37,1
Tunisia,1976,0,0,0,16,16,0
Tunisia,1984,0,0,0,28,28,0
Tunisia,1988,0,0,0,45,45,0
Tunisia,1992,0,0,0,15,15,0
Tunisia,1996,1,0,0,51,52,1
Tunisia,2000,0,0,0,47,47,0
Tunisia,2004,0,0,0,64,64,0
Tunisia,2008,0,0,1,28,29,1
Tunisia,2012,1,1,1,84,87,3
Tunisia,2016,3,0,0,62,65,3
Turkey,1906,0,0,0,2,2,0
Turkey,1912,0,0,0,7,7,0
Turkey,1924,0,0,0,23,23,0
Turkey,1928,0,0,0,40,40,0
Turkey,1932,0,0,0,2,2,0
Turkey,1936,1,0,1,70,72,2
Turkey,1948,2,4,6,85,97,12
Turkey,1952,1,0,2,55,58,3
Turkey,1956,2,2,3,31,38,7
Turkey,1960,0,2,7,55,64,9
Turkey,1964,1,3,2,31,37,6
Turkey,1968,0,0,2,48,50,2
Turkey,1972,0,1,0,49,50,1
Turkey,1976,0,0,0,47,47,0
Turkey,1984,3,0,0,70,73,3
Turkey,1988,0,1,1,68,70,2
Turkey,1992,2,2,2,65,71,6
Turkey,1994,0,0,0,1,1,0
Turkey,1996,1,1,4,55,61,6
Turkey,1998,0,0,0,1,1,0
Turkey,2000,2,0,3,62,67,5
Turkey,2002,0,0,0,5,5,0
Turkey,2004,5,3,3,63,74,11
Turkey,2006,0,0,0,17,17,0
Turkey,2008,3,3,1,64,71,7
Turkey,2010,0,0,0,9,9,0
Turkey,2012,1,2,2,114,119,5
Turkey,2014,0,0,0,11,11,0
Turkey,2016,4,3,1,111,119,8
Turkmenistan,1996,0,0,0,7,7,0
Turkmenistan,2000,0,0,0,8,8,0
Turkmenistan,2004,0,0,0,10,10,0
Turkmenistan,2008,0,0,0,10,10,0
Turkmenistan,2012,0,0,0,10,10,0
Turkmenistan,2016,0,0,0,9,9,0
Uganda,1956,0,0,0,5,5,0
Uganda,1960,0,0,0,16,16,0
Uganda,1964,0,0,0,19,19,0
Uganda,1968,1,1,0,12,14,2
Uganda,1972,0,1,1,33,35,2
Uganda,1980,0,1,0,15,16,1
Uganda,1984,0,0,0,30,30,0
Uganda,1988,0,0,0,30,30,0
Uganda,1992,0,0,0,9,9,0
Uganda,1996,1,0,0,11,12,1
Uganda,2000,0,0,0,13,13,0
Uganda,2004,0,0,0,11,11,0
Uganda,2008,0,0,0,11,11,0
Uganda,2012,0,0,1,15,16,1
Uganda,2016,0,0,0,23,23,0
UK,1896,3,3,3,16,25,9
UK,1900,15,34,59,38,146,108
UK,1904,0,1,1,4,6,2
UK,1906,8,22,9,74,113,39
UK,1908,90,131,147,604,972,368
UK,1912,59,64,47,291,461,170
UK,1920,17,42,52,234,345,111
UK,1924,30,34,31,383,478,95
UK,1928,25,27,7,334,393,59
UK,1932,14,12,9,139,174,35
UK,1936,12,17,24,237,290,53
UK,1948,14,42,7,605,668,63
UK,1952,26,2,4,404,436,32
UK,1956,22,16,8,306,352,46
UK,1960,15,11,2,400,428,28
UK,1964,5,19,6,336,366,30
UK,1968,5,5,9,373,392,19
UK,1972,12,9,8,475,504,29
UK,1976,11,15,7,390,423,33
UK,1980,24,18,6,356,404,48
UK,1984,42,20,11,514,587,73
UK,1988,15,17,22,513,567,54
UK,1992,39,3,8,552,602,50
UK,1994,3,0,0,48,51,3
UK,1996,9,15,2,365,391,26
UK,1998,4,0,0,41,45,4
UK,2000,12,20,22,361,415,54
UK,2002,1,0,5,64,70,6
UK,2004,15,25,17,303,360,57
UK,2006,0,1,0,53,54,1
UK,2008,25,25,31,339,420,81
UK,2010,0,0,1,77,78,1
UK,2012,48,30,48,558,684,126
UK,2014,5,4,1,68,78,10
UK,2016,26,55,64,333,478,145
Ukraine,1994,1,0,1,58,60,2
Ukraine,1996,19,5,10,317,351,34
Ukraine,1998,0,1,0,103,104,1
Ukraine,2000,12,20,3,333,368,35
Ukraine,2002,0,0,0,111,111,0
Ukraine,2004,31,8,8,310,357,47
Ukraine,2006,3,0,0,106,109,3
Ukraine,2008,16,5,10,296,327,31
Ukraine,2010,0,0,0,95,95,0
Ukraine,2012,12,5,9,278,304,26
Ukraine,2014,1,0,4,96,101,5
Ukraine,2016,5,8,2,257,272,15
United Arab Emirates,1984,0,0,0,11,11,0
United Arab Emirates,1988,0,0,0,36,36,0
United Arab Emirates,1992,0,0,0,36,36,0
United Arab Emirates,1996,0,0,0,4,4,0
United Arab Emirates,2000,0,0,0,5,5,0
United Arab Emirates,2004,0,0,1,4,5,1
United Arab Emirates,2008,0,0,0,9,9,0
United Arab Emirates,2012,0,0,0,26,26,0
United Arab Emirates,2016,1,0,0,11,12,1
Uruguay,1924,0,0,14,26,40,14
Uruguay,1928,0,0,17,0,17,17
Uruguay,1932,1,0,0,5,6,1
Uruguay,1936,0,0,0,40,40,0
Uruguay,1948,2,1,0,76,79,3
Uruguay,1952,14,0,0,28,42,14
Uruguay,1956,12,0,0,17,29,12
Uruguay,1960,0,0,0,42,42,0
Uruguay,1964,1,0,0,28,29,1
Uruguay,1968,0,0,0,50,50,0
Uruguay,1972,0,0,0,20,20,0
Uruguay,1976,0,0,0,15,15,0
Uruguay,1984,0,0,0,23,23,0
Uruguay,1988,0,0,0,18,18,0
Uruguay,1992,0,0,0,18,18,0
Uruguay,1996,0,0,0,15,15,0
Uruguay,1998,0,0,0,1,1,0
Uruguay,2000,0,1,0,16,17,1
Uruguay,2004,0,0,0,18,18,0
Uruguay,2008,0,0,0,13,13,0
Uruguay,2012,0,0,0,27,27,0
Uruguay,2016,0,0,0,17,17,0
USA,1896,2,7,11,7,27,20
USA,1900,17,16,30,72,135,63
USA,1904,125,141,128,715,1109,394
USA,1906,6,6,12,57,81,24
USA,1908,15,16,34,154,219,65
USA,1912,36,25,46,257,364,107
USA,1920,38,45,111,279,473,194
USA,1924,50,46,98,306,500,194
USA,1928,19,30,53,369,471,102
USA,1932,64,68,91,590,813,223
USA,1936,30,29,53,449,561,112
USA,1948,41,34,93,353,521,168
USA,1952,29,48,87,383,547,164
USA,1956,25,61,63,386,535,149
USA,1960,25,27,100,381,533,152
USA,1964,42,39,96,442,619,177
USA,1968,36,37,100,491,664,173
USA,1972,46,77,72,530,725,195
USA,1976,41,61,73,530,705,175
USA,1980,2,4,24,125,155,30
USA,1984,50,121,190,488,849,361
USA,1988,58,67,89,698,912,214
USA,1992,87,57,94,730,968,238
USA,1994,5,8,6,218,237,19
USA,1996,52,48,159,580,839,259
USA,1998,5,4,25,250,284,34
USA,2000,51,61,130,522,764,242
USA,2002,15,58,11,229,313,84
USA,2004,71,75,117,463,726,263
USA,2006,32,11,9,273,325,52
USA,2008,80,110,127,446,763,317
USA,2010,22,63,12,244,341,97
USA,2012,46,57,145,441,689,248
USA,2014,24,30,10,303,367,64
USA,2016,71,54,139,455,719,264
Uzbekistan,1994,0,0,1,6,7,1
Uzbekistan,1996,1,1,0,93,95,2
Uzbekistan,1998,0,0,0,4,4,0
Uzbekistan,2000,2,1,1,81,85,4
Uzbekistan,2002,0,0,0,6,6,0
Uzbekistan,2004,2,1,2,74,79,5
Uzbekistan,2006,0,0,0,4,4,0
Uzbekistan,2008,3,2,1,63,69,6
Uzbekistan,2010,0,0,0,5,5,0
Uzbekistan,2012,2,0,1,53,56,3
Uzbekistan,2014,0,0,0,5,5,0
Uzbekistan,2016,7,2,4,67,80,13
Vanuatu,1988,0,0,0,6,6,0
Vanuatu,1992,0,0,0,8,8,0
Vanuatu,1996,0,0,0,4,4,0
Vanuatu,2000,0,0,0,3,3,0
Vanuatu,2004,0,0,0,2,2,0
Vanuatu,2008,0,0,0,3,3,0
Vanuatu,2012,0,0,0,5,5,0
Vanuatu,2016,0,0,0,4,4,0
Venezuela,1932,0,0,0,1,1,0
Venezuela,1948,0,0,0,2,2,0
Venezuela,1952,1,0,0,62,63,1
Venezuela,1956,0,0,0,38,38,0
Venezuela,1960,1,0,0,53,54,1
Venezuela,1964,0,0,0,23,23,0
Venezuela,1968,0,0,1,29,30,1
Venezuela,1972,0,0,0,33,33,0
Venezuela,1976,0,1,0,55,56,1
Venezuela,1980,0,1,0,42,43,1
Venezuela,1984,3,0,0,41,44,3
Venezuela,1988,0,0,0,17,17,0
Venezuela,1992,0,0,0,27,27,0
Venezuela,1996,0,0,0,53,53,0
Venezuela,1998,0,0,0,1,1,0
Venezuela,2000,0,0,0,65,65,0
Venezuela,2002,0,0,0,4,4,0
Venezuela,2004,2,0,0,51,53,2
Venezuela,2006,0,0,0,1,1,0
Venezuela,2008,1,0,0,125,126,1
Venezuela,2012,0,0,1,84,85,1
Venezuela,2014,0,0,0,1,1,0
Venezuela,2016,2,1,0,102,105,3
Vietnam,1952,0,0,0,13,13,0
Vietnam,1956,0,0,0,10,10,0
Vietnam,1960,0,0,0,5,5,0
Vietnam,1964,0,0,0,23,23,0
Vietnam,1968,0,0,0,9,9,0
Vietnam,1972,0,0,0,2,2,0
Vietnam,1980,0,0,0,38,38,0
Vietnam,1988,0,0,0,12,12,0
Vietnam,1992,0,0,0,10,10,0
Vietnam,1996,0,0,0,6,6,0
Vietnam,2000,0,1,0,6,7,1
Vietnam,2004,0,0,0,11,11,0
Vietnam,2008,0,1,0,17,18,1
Vietnam,2012,0,0,0,24,24,0
Vietnam,2016,0,1,1,26,28,2
"Virgin Islands, British",1984,0,0,0,15,15,0
"Virgin Islands, British",1988,0,0,0,4,4,0
"Virgin Islands, British",1992,0,0,0,4,4,0
"Virgin Islands, British",1996,0,0,0,11,11,0
"Virgin Islands, British",2000,0,0,0,1,1,0
"Virgin Islands, British",2004,0,0,0,1,1,0
"Virgin Islands, British",2008,0,0,0,2,2,0
"Virgin Islands, British",2012,0,0,0,2,2,0
"Virgin Islands, British",2014,0,0,0,1,1,0
"Virgin Islands, British",2016,0,0,0,4,4,0
"Virgin Islands, US",1968,0,0,0,6,6,0
"Virgin Islands, US",1972,0,0,0,16,16,0
"Virgin Islands, US",1976,0,0,0,26,26,0
"Virgin Islands, US",1984,0,0,0,52,52,0
"Virgin Islands, US",1988,0,1,0,52,53,1
"Virgin Islands, US",1992,0,0,0,53,53,0
"Virgin Islands, US",1994,0,0,0,10,10,0
"Virgin Islands, US",1996,0,0,0,14,14,0
"Virgin Islands, US",1998,0,0,0,9,9,0
"Virgin Islands, US",2000,0,0,0,12,12,0
"Virgin Islands, US",2002,0,0,0,8,8,0
"Virgin Islands, US",2004,0,0,0,9,9,0
"Virgin Islands, US",2008,0,0,0,8,8,0
"Virgin Islands, US",2012,0,0,0,9,9,0
"Virgin Islands, US",2014,0,0,0,2,2,0
"Virgin Islands, US",2016,0,0,0,7,7,0
Yemen,1984,0,0,0,3,3,0
Yemen,1988,0,0,0,13,13,0
Yemen,1992,0,0,0,8,8,0
Yemen,1996,0,0,0,4,4,0
Yemen,2000,0,0,0,2,2,0
Yemen,2004,0,0,0,3,3,0
Yemen,2008,0,0,0,8,8,0
Yemen,2012,0,0,0,4,4,0
Yemen,2016,0,0,0,3,3,0
Zambia,1964,0,0,0,15,15,0
Zambia,1968,0,0,0,7,7,0
Zambia,1972,0,0,0,12,12,0
Zambia,1980,0,0,0,43,43,0
Zambia,1984,1,0,0,17,18,1
Zambia,1988,0,0,0,33,33,0
Zambia,1992,0,0,0,11,11,0
Zambia,1996,0,1,0,7,8,1
Zambia,2000,0,0,0,8,8,0
Zambia,2004,0,0,0,6,6,0
Zambia,2008,0,0,0,8,8,0
Zambia,2012,0,0,0,7,7,0
Zambia,2016,0,0,0,7,7,0
Zimbabwe,1928,0,0,0,2,2,0
Zimbabwe,1960,0,0,0,22,22,0
Zimbabwe,1964,0,0,0,33,33,0
Zimbabwe,1980,0,0,15,37,52,15
Zimbabwe,1984,0,0,0,20,20,0
Zimbabwe,1988,0,0,0,47,47,0
Zimbabwe,1992,0,0,0,28,28,0
Zimbabwe,1996,0,0,0,21,21,0
Zimbabwe,2000,0,0,0,26,26,0
Zimbabwe,2004,1,1,1,11,14,3
Zimbabwe,2008,0,3,1,12,16,4
Zimbabwe,2012,0,0,0,9,9,0
Zimbabwe,2014,0,0,0,2,2,0
Zimbabwe,2016,0,0,0,31,31,0
Grand Total,,13291,13112,13371,230972,270746,39774
